instance_id,cap,run_id,condition,model,subset_hash,binning_hash,max_model_len,has_endpoint_usage,internal_total_tokens,endpoint_total_tokens,think_leak,level_old,n_people,travel_structure,tightness,overlap,complexity_metric,optimum,achieved,abs_gap,satisfaction,tokens_total,termination,n_calls,attempts,parsed,valid,accepted,any_valid,any_accepted,first_valid_index,first_accepted_index,tokens_to_first_valid,tokens_to_first_accepted,ctx_limited_calls,length_calls,ctx_and_length,ctx_and_stop,nolimit_and_length,reasons
clustered-n4-t100-o20-s10000,16000,c1_react__clustered-n4-t100-o20-s10000__cap16000__Qwen-Qwen3-32B-AWQ,c1_react,Qwen/Qwen3-32B-AWQ,d29b547529713e54dffbf3bc902f0007cbd3590d4a121b929fcea1b053a8bcd8,67d1c874261f59eb3c4a040113562e7693514235a20375a5341adebec72ce302,32768,True,15844,15844,False,medium,4,clustered,1.0,0.2,2,3,0,3,0.0,15844,aborted,12,0,0,0,0,False,False,,,,,0,1,0,0,1,
clustered-n4-t100-o20-s10000,32000,c1_react__clustered-n4-t100-o20-s10000__cap32000__Qwen-Qwen3-32B-AWQ,c1_react,Qwen/Qwen3-32B-AWQ,d29b547529713e54dffbf3bc902f0007cbd3590d4a121b929fcea1b053a8bcd8,67d1c874261f59eb3c4a040113562e7693514235a20375a5341adebec72ce302,32768,True,25529,25529,False,medium,4,clustered,1.0,0.2,2,3,3,0,1.0,25529,agent_finish,14,1,1,1,1,True,True,0,0,21623,21623,0,0,0,0,0,
clustered-n4-t100-o20-s10000,64000,c1_react__clustered-n4-t100-o20-s10000__cap64000__Qwen-Qwen3-32B-AWQ,c1_react,Qwen/Qwen3-32B-AWQ,d29b547529713e54dffbf3bc902f0007cbd3590d4a121b929fcea1b053a8bcd8,67d1c874261f59eb3c4a040113562e7693514235a20375a5341adebec72ce302,32768,True,25529,25529,False,medium,4,clustered,1.0,0.2,2,3,3,0,1.0,25529,agent_finish,14,1,1,1,1,True,True,0,0,21623,21623,14,0,0,14,0,
clustered-n4-t100-o20-s10000,8000,c1_react__clustered-n4-t100-o20-s10000__cap8000__Qwen-Qwen3-32B-AWQ,c1_react,Qwen/Qwen3-32B-AWQ,d29b547529713e54dffbf3bc902f0007cbd3590d4a121b929fcea1b053a8bcd8,67d1c874261f59eb3c4a040113562e7693514235a20375a5341adebec72ce302,32768,True,7844,7844,False,medium,4,clustered,1.0,0.2,2,3,0,3,0.0,7844,aborted,8,0,0,0,0,False,False,,,,,0,1,0,0,1,
clustered-n4-t100-o80-s10000,16000,c1_react__clustered-n4-t100-o80-s10000__cap16000__Qwen-Qwen3-32B-AWQ,c1_react,Qwen/Qwen3-32B-AWQ,d29b547529713e54dffbf3bc902f0007cbd3590d4a121b929fcea1b053a8bcd8,67d1c874261f59eb3c4a040113562e7693514235a20375a5341adebec72ce302,32768,True,15844,15844,False,medium,4,clustered,1.0,0.8,4,2,0,2,0.0,15844,aborted,10,0,0,0,0,False,False,,,,,0,1,0,0,1,
clustered-n4-t100-o80-s10000,32000,c1_react__clustered-n4-t100-o80-s10000__cap32000__Qwen-Qwen3-32B-AWQ,c1_react,Qwen/Qwen3-32B-AWQ,d29b547529713e54dffbf3bc902f0007cbd3590d4a121b929fcea1b053a8bcd8,67d1c874261f59eb3c4a040113562e7693514235a20375a5341adebec72ce302,32768,True,31844,31844,False,medium,4,clustered,1.0,0.8,4,2,0,2,0.0,31844,aborted,10,0,0,0,0,False,False,,,,,0,1,0,0,1,
clustered-n4-t100-o80-s10000,64000,c1_react__clustered-n4-t100-o80-s10000__cap64000__Qwen-Qwen3-32B-AWQ,c1_react,Qwen/Qwen3-32B-AWQ,d29b547529713e54dffbf3bc902f0007cbd3590d4a121b929fcea1b053a8bcd8,67d1c874261f59eb3c4a040113562e7693514235a20375a5341adebec72ce302,32768,True,45154,45154,False,medium,4,clustered,1.0,0.8,4,2,0,2,0.0,45154,aborted,10,0,0,0,0,False,False,,,,,9,1,1,8,0,
clustered-n4-t100-o80-s10000,8000,c1_react__clustered-n4-t100-o80-s10000__cap8000__Qwen-Qwen3-32B-AWQ,c1_react,Qwen/Qwen3-32B-AWQ,d29b547529713e54dffbf3bc902f0007cbd3590d4a121b929fcea1b053a8bcd8,67d1c874261f59eb3c4a040113562e7693514235a20375a5341adebec72ce302,32768,True,7844,7844,False,medium,4,clustered,1.0,0.8,4,2,0,2,0.0,7844,aborted,7,0,0,0,0,False,False,,,,,0,1,0,0,1,
clustered-n4-t100-o80-s10001,16000,c1_react__clustered-n4-t100-o80-s10001__cap16000__Qwen-Qwen3-32B-AWQ,c1_react,Qwen/Qwen3-32B-AWQ,d29b547529713e54dffbf3bc902f0007cbd3590d4a121b929fcea1b053a8bcd8,67d1c874261f59eb3c4a040113562e7693514235a20375a5341adebec72ce302,32768,True,15844,15844,False,hard,4,clustered,1.0,0.8,6,1,0,1,0.0,15844,aborted,9,1,1,0,0,False,False,,,,,0,1,0,0,1,travel_infeasible
clustered-n4-t100-o80-s10001,32000,c1_react__clustered-n4-t100-o80-s10001__cap32000__Qwen-Qwen3-32B-AWQ,c1_react,Qwen/Qwen3-32B-AWQ,d29b547529713e54dffbf3bc902f0007cbd3590d4a121b929fcea1b053a8bcd8,67d1c874261f59eb3c4a040113562e7693514235a20375a5341adebec72ce302,32768,True,31844,31844,False,hard,4,clustered,1.0,0.8,6,1,0,1,0.0,31844,aborted,11,1,1,0,0,False,False,,,,,0,1,0,0,1,travel_infeasible
clustered-n4-t100-o80-s10001,64000,c1_react__clustered-n4-t100-o80-s10001__cap64000__Qwen-Qwen3-32B-AWQ,c1_react,Qwen/Qwen3-32B-AWQ,d29b547529713e54dffbf3bc902f0007cbd3590d4a121b929fcea1b053a8bcd8,67d1c874261f59eb3c4a040113562e7693514235a20375a5341adebec72ce302,32768,True,36162,36162,False,hard,4,clustered,1.0,0.8,6,1,0,1,0.0,36162,agent_finish,11,1,1,0,0,False,False,,,,,10,0,0,10,0,travel_infeasible
clustered-n4-t100-o80-s10001,8000,c1_react__clustered-n4-t100-o80-s10001__cap8000__Qwen-Qwen3-32B-AWQ,c1_react,Qwen/Qwen3-32B-AWQ,d29b547529713e54dffbf3bc902f0007cbd3590d4a121b929fcea1b053a8bcd8,67d1c874261f59eb3c4a040113562e7693514235a20375a5341adebec72ce302,32768,True,7844,7844,False,hard,4,clustered,1.0,0.8,6,1,0,1,0.0,7844,aborted,7,0,0,0,0,False,False,,,,,0,1,0,0,1,
clustered-n4-t100-o80-s10002,16000,c1_react__clustered-n4-t100-o80-s10002__cap16000__Qwen-Qwen3-32B-AWQ,c1_react,Qwen/Qwen3-32B-AWQ,d29b547529713e54dffbf3bc902f0007cbd3590d4a121b929fcea1b053a8bcd8,67d1c874261f59eb3c4a040113562e7693514235a20375a5341adebec72ce302,32768,True,15844,15844,False,hard,4,clustered,1.0,0.8,6,1,0,1,0.0,15844,aborted,8,0,0,0,0,False,False,,,,,0,1,0,0,1,
clustered-n4-t100-o80-s10002,32000,c1_react__clustered-n4-t100-o80-s10002__cap32000__Qwen-Qwen3-32B-AWQ,c1_react,Qwen/Qwen3-32B-AWQ,d29b547529713e54dffbf3bc902f0007cbd3590d4a121b929fcea1b053a8bcd8,67d1c874261f59eb3c4a040113562e7693514235a20375a5341adebec72ce302,32768,True,28825,28825,False,hard,4,clustered,1.0,0.8,6,1,0,1,0.0,28825,agent_finish,11,2,2,0,0,False,False,,,,,0,0,0,0,0,travel_infeasible;travel_infeasible
clustered-n4-t100-o80-s10002,64000,c1_react__clustered-n4-t100-o80-s10002__cap64000__Qwen-Qwen3-32B-AWQ,c1_react,Qwen/Qwen3-32B-AWQ,d29b547529713e54dffbf3bc902f0007cbd3590d4a121b929fcea1b053a8bcd8,67d1c874261f59eb3c4a040113562e7693514235a20375a5341adebec72ce302,32768,True,28825,28825,False,hard,4,clustered,1.0,0.8,6,1,0,1,0.0,28825,agent_finish,11,2,2,0,0,False,False,,,,,11,0,0,11,0,travel_infeasible;travel_infeasible
clustered-n4-t100-o80-s10002,8000,c1_react__clustered-n4-t100-o80-s10002__cap8000__Qwen-Qwen3-32B-AWQ,c1_react,Qwen/Qwen3-32B-AWQ,d29b547529713e54dffbf3bc902f0007cbd3590d4a121b929fcea1b053a8bcd8,67d1c874261f59eb3c4a040113562e7693514235a20375a5341adebec72ce302,32768,True,7844,7844,False,hard,4,clustered,1.0,0.8,6,1,0,1,0.0,7844,budget,7,0,0,0,0,False,False,,,,,0,1,0,0,1,
clustered-n4-t20-o20-s10000,16000,c1_react__clustered-n4-t20-o20-s10000__cap16000__Qwen-Qwen3-32B-AWQ,c1_react,Qwen/Qwen3-32B-AWQ,d29b547529713e54dffbf3bc902f0007cbd3590d4a121b929fcea1b053a8bcd8,67d1c874261f59eb3c4a040113562e7693514235a20375a5341adebec72ce302,32768,True,15844,15844,False,easy,4,clustered,0.2,0.2,0,4,0,4,0.0,15844,aborted,12,0,0,0,0,False,False,,,,,0,1,0,0,1,
clustered-n4-t20-o20-s10000,32000,c1_react__clustered-n4-t20-o20-s10000__cap32000__Qwen-Qwen3-32B-AWQ,c1_react,Qwen/Qwen3-32B-AWQ,d29b547529713e54dffbf3bc902f0007cbd3590d4a121b929fcea1b053a8bcd8,67d1c874261f59eb3c4a040113562e7693514235a20375a5341adebec72ce302,32768,True,28092,28092,False,easy,4,clustered,0.2,0.2,0,4,4,0,1.0,28092,agent_finish,15,1,1,1,1,True,True,0,0,26040,26040,0,0,0,0,0,
clustered-n4-t20-o20-s10000,64000,c1_react__clustered-n4-t20-o20-s10000__cap64000__Qwen-Qwen3-32B-AWQ,c1_react,Qwen/Qwen3-32B-AWQ,d29b547529713e54dffbf3bc902f0007cbd3590d4a121b929fcea1b053a8bcd8,67d1c874261f59eb3c4a040113562e7693514235a20375a5341adebec72ce302,32768,True,28092,28092,False,easy,4,clustered,0.2,0.2,0,4,4,0,1.0,28092,agent_finish,15,1,1,1,1,True,True,0,0,26040,26040,15,0,0,15,0,
clustered-n4-t20-o20-s10000,8000,c1_react__clustered-n4-t20-o20-s10000__cap8000__Qwen-Qwen3-32B-AWQ,c1_react,Qwen/Qwen3-32B-AWQ,d29b547529713e54dffbf3bc902f0007cbd3590d4a121b929fcea1b053a8bcd8,67d1c874261f59eb3c4a040113562e7693514235a20375a5341adebec72ce302,32768,True,7265,7265,False,easy,4,clustered,0.2,0.2,0,4,0,4,0.0,7265,budget,8,0,0,0,0,False,False,,,,,0,0,0,0,0,
clustered-n4-t20-o80-s10000,16000,c1_react__clustered-n4-t20-o80-s10000__cap16000__Qwen-Qwen3-32B-AWQ,c1_react,Qwen/Qwen3-32B-AWQ,d29b547529713e54dffbf3bc902f0007cbd3590d4a121b929fcea1b053a8bcd8,67d1c874261f59eb3c4a040113562e7693514235a20375a5341adebec72ce302,32768,True,15844,15844,False,easy,4,clustered,0.2,0.8,0,4,0,4,0.0,15844,aborted,12,1,1,0,0,False,False,,,,,0,1,0,0,1,travel_infeasible
clustered-n4-t20-o80-s10000,32000,c1_react__clustered-n4-t20-o80-s10000__cap32000__Qwen-Qwen3-32B-AWQ,c1_react,Qwen/Qwen3-32B-AWQ,d29b547529713e54dffbf3bc902f0007cbd3590d4a121b929fcea1b053a8bcd8,67d1c874261f59eb3c4a040113562e7693514235a20375a5341adebec72ce302,32768,True,30102,30102,False,easy,4,clustered,0.2,0.8,0,4,4,0,1.0,30102,agent_finish,17,3,3,1,1,True,True,2,2,28049,28049,0,0,0,0,0,travel_infeasible;travel_infeasible
clustered-n4-t20-o80-s10000,64000,c1_react__clustered-n4-t20-o80-s10000__cap64000__Qwen-Qwen3-32B-AWQ,c1_react,Qwen/Qwen3-32B-AWQ,d29b547529713e54dffbf3bc902f0007cbd3590d4a121b929fcea1b053a8bcd8,67d1c874261f59eb3c4a040113562e7693514235a20375a5341adebec72ce302,32768,True,30102,30102,False,easy,4,clustered,0.2,0.8,0,4,4,0,1.0,30102,agent_finish,17,3,3,1,1,True,True,2,2,28049,28049,17,0,0,17,0,travel_infeasible;travel_infeasible
clustered-n4-t20-o80-s10000,8000,c1_react__clustered-n4-t20-o80-s10000__cap8000__Qwen-Qwen3-32B-AWQ,c1_react,Qwen/Qwen3-32B-AWQ,d29b547529713e54dffbf3bc902f0007cbd3590d4a121b929fcea1b053a8bcd8,67d1c874261f59eb3c4a040113562e7693514235a20375a5341adebec72ce302,32768,True,7394,7394,False,easy,4,clustered,0.2,0.8,0,4,0,4,0.0,7394,budget,8,0,0,0,0,False,False,,,,,0,0,0,0,0,
clustered-n6-t100-o20-s10000,16000,c1_react__clustered-n6-t100-o20-s10000__cap16000__Qwen-Qwen3-32B-AWQ,c1_react,Qwen/Qwen3-32B-AWQ,d29b547529713e54dffbf3bc902f0007cbd3590d4a121b929fcea1b053a8bcd8,67d1c874261f59eb3c4a040113562e7693514235a20375a5341adebec72ce302,32768,True,15844,15844,False,medium,6,clustered,1.0,0.2,2,4,0,4,0.0,15844,aborted,12,0,0,0,0,False,False,,,,,0,1,0,0,1,
clustered-n6-t100-o20-s10000,32000,c1_react__clustered-n6-t100-o20-s10000__cap32000__Qwen-Qwen3-32B-AWQ,c1_react,Qwen/Qwen3-32B-AWQ,d29b547529713e54dffbf3bc902f0007cbd3590d4a121b929fcea1b053a8bcd8,67d1c874261f59eb3c4a040113562e7693514235a20375a5341adebec72ce302,32768,True,30525,30525,False,medium,6,clustered,1.0,0.2,2,4,0,4,0.0,30525,budget,14,1,1,0,0,False,False,,,,,0,0,0,0,0,travel_infeasible;window_violation
clustered-n6-t100-o20-s10000,64000,c1_react__clustered-n6-t100-o20-s10000__cap64000__Qwen-Qwen3-32B-AWQ,c1_react,Qwen/Qwen3-32B-AWQ,d29b547529713e54dffbf3bc902f0007cbd3590d4a121b929fcea1b053a8bcd8,67d1c874261f59eb3c4a040113562e7693514235a20375a5341adebec72ce302,32768,True,32922,32922,False,medium,6,clustered,1.0,0.2,2,4,0,4,0.0,32922,aborted,15,1,1,0,0,False,False,,,,,14,0,0,14,0,travel_infeasible;window_violation
clustered-n6-t100-o20-s10000,8000,c1_react__clustered-n6-t100-o20-s10000__cap8000__Qwen-Qwen3-32B-AWQ,c1_react,Qwen/Qwen3-32B-AWQ,d29b547529713e54dffbf3bc902f0007cbd3590d4a121b929fcea1b053a8bcd8,67d1c874261f59eb3c4a040113562e7693514235a20375a5341adebec72ce302,32768,True,7844,7844,False,medium,6,clustered,1.0,0.2,2,4,0,4,0.0,7844,aborted,8,0,0,0,0,False,False,,,,,0,1,0,0,1,
clustered-n6-t100-o20-s10001,16000,c1_react__clustered-n6-t100-o20-s10001__cap16000__Qwen-Qwen3-32B-AWQ,c1_react,Qwen/Qwen3-32B-AWQ,d29b547529713e54dffbf3bc902f0007cbd3590d4a121b929fcea1b053a8bcd8,67d1c874261f59eb3c4a040113562e7693514235a20375a5341adebec72ce302,32768,True,15844,15844,False,hard,6,clustered,1.0,0.2,7,2,0,2,0.0,15844,aborted,11,0,0,0,0,False,False,,,,,0,1,0,0,1,
clustered-n6-t100-o20-s10001,32000,c1_react__clustered-n6-t100-o20-s10001__cap32000__Qwen-Qwen3-32B-AWQ,c1_react,Qwen/Qwen3-32B-AWQ,d29b547529713e54dffbf3bc902f0007cbd3590d4a121b929fcea1b053a8bcd8,67d1c874261f59eb3c4a040113562e7693514235a20375a5341adebec72ce302,32768,True,31844,31844,False,hard,6,clustered,1.0,0.2,7,2,0,2,0.0,31844,aborted,14,1,1,0,0,False,False,,,,,0,1,0,0,1,travel_infeasible;window_violation
clustered-n6-t100-o20-s10001,64000,c1_react__clustered-n6-t100-o20-s10001__cap64000__Qwen-Qwen3-32B-AWQ,c1_react,Qwen/Qwen3-32B-AWQ,d29b547529713e54dffbf3bc902f0007cbd3590d4a121b929fcea1b053a8bcd8,67d1c874261f59eb3c4a040113562e7693514235a20375a5341adebec72ce302,32768,True,39886,39886,False,hard,6,clustered,1.0,0.2,7,2,0,2,0.0,39886,agent_finish,15,2,2,0,0,False,False,,,,,13,0,0,13,0,travel_infeasible;window_violation;travel_infeasible;window_violation
clustered-n6-t100-o20-s10001,8000,c1_react__clustered-n6-t100-o20-s10001__cap8000__Qwen-Qwen3-32B-AWQ,c1_react,Qwen/Qwen3-32B-AWQ,d29b547529713e54dffbf3bc902f0007cbd3590d4a121b929fcea1b053a8bcd8,67d1c874261f59eb3c4a040113562e7693514235a20375a5341adebec72ce302,32768,True,7844,7844,False,hard,6,clustered,1.0,0.2,7,2,0,2,0.0,7844,aborted,8,0,0,0,0,False,False,,,,,0,1,0,0,1,
clustered-n6-t100-o80-s10000,16000,c1_react__clustered-n6-t100-o80-s10000__cap16000__Qwen-Qwen3-32B-AWQ,c1_react,Qwen/Qwen3-32B-AWQ,d29b547529713e54dffbf3bc902f0007cbd3590d4a121b929fcea1b053a8bcd8,67d1c874261f59eb3c4a040113562e7693514235a20375a5341adebec72ce302,32768,True,15844,15844,False,hard,6,clustered,1.0,0.8,13,2,0,2,0.0,15844,aborted,10,0,0,0,0,False,False,,,,,0,1,0,0,1,
clustered-n6-t100-o80-s10000,32000,c1_react__clustered-n6-t100-o80-s10000__cap32000__Qwen-Qwen3-32B-AWQ,c1_react,Qwen/Qwen3-32B-AWQ,d29b547529713e54dffbf3bc902f0007cbd3590d4a121b929fcea1b053a8bcd8,67d1c874261f59eb3c4a040113562e7693514235a20375a5341adebec72ce302,32768,True,31483,31483,False,hard,6,clustered,1.0,0.8,13,2,0,2,0.0,31483,budget,13,2,2,0,0,False,False,,,,,0,0,0,0,0,travel_infeasible;window_violation;travel_infeasible;window_violation
clustered-n6-t100-o80-s10000,64000,c1_react__clustered-n6-t100-o80-s10000__cap64000__Qwen-Qwen3-32B-AWQ,c1_react,Qwen/Qwen3-32B-AWQ,d29b547529713e54dffbf3bc902f0007cbd3590d4a121b929fcea1b053a8bcd8,67d1c874261f59eb3c4a040113562e7693514235a20375a5341adebec72ce302,32768,True,63855,63855,False,hard,6,clustered,1.0,0.8,13,2,2,0,1.0,63855,aborted,18,6,6,1,1,True,True,3,3,49042,49042,12,1,0,12,1,travel_infeasible;window_violation;travel_infeasible;window_violation;overlapping_meeting;travel_infeasible;window_violation;travel_infeasible;window_violation
clustered-n6-t100-o80-s10000,8000,c1_react__clustered-n6-t100-o80-s10000__cap8000__Qwen-Qwen3-32B-AWQ,c1_react,Qwen/Qwen3-32B-AWQ,d29b547529713e54dffbf3bc902f0007cbd3590d4a121b929fcea1b053a8bcd8,67d1c874261f59eb3c4a040113562e7693514235a20375a5341adebec72ce302,32768,True,7366,7366,False,hard,6,clustered,1.0,0.8,13,2,0,2,0.0,7366,budget,7,0,0,0,0,False,False,,,,,0,0,0,0,0,
clustered-n6-t20-o20-s10000,16000,c1_react__clustered-n6-t20-o20-s10000__cap16000__Qwen-Qwen3-32B-AWQ,c1_react,Qwen/Qwen3-32B-AWQ,d29b547529713e54dffbf3bc902f0007cbd3590d4a121b929fcea1b053a8bcd8,67d1c874261f59eb3c4a040113562e7693514235a20375a5341adebec72ce302,32768,True,15844,15844,False,easy,6,clustered,0.2,0.2,0,6,0,6,0.0,15844,aborted,10,1,1,0,0,False,False,,,,,0,1,0,0,1,travel_infeasible
clustered-n6-t20-o20-s10000,32000,c1_react__clustered-n6-t20-o20-s10000__cap32000__Qwen-Qwen3-32B-AWQ,c1_react,Qwen/Qwen3-32B-AWQ,d29b547529713e54dffbf3bc902f0007cbd3590d4a121b929fcea1b053a8bcd8,67d1c874261f59eb3c4a040113562e7693514235a20375a5341adebec72ce302,32768,True,31665,31665,False,easy,6,clustered,0.2,0.2,0,6,0,6,0.0,31665,budget,15,1,1,0,0,False,False,,,,,0,0,0,0,0,travel_infeasible
clustered-n6-t20-o20-s10000,64000,c1_react__clustered-n6-t20-o20-s10000__cap64000__Qwen-Qwen3-32B-AWQ,c1_react,Qwen/Qwen3-32B-AWQ,d29b547529713e54dffbf3bc902f0007cbd3590d4a121b929fcea1b053a8bcd8,67d1c874261f59eb3c4a040113562e7693514235a20375a5341adebec72ce302,32768,True,56904,56904,False,easy,6,clustered,0.2,0.2,0,6,0,6,0.0,56904,agent_finish,23,3,3,0,0,False,False,,,,,14,0,0,14,0,travel_infeasible;travel_infeasible;window_violation;travel_infeasible
clustered-n6-t20-o20-s10000,8000,c1_react__clustered-n6-t20-o20-s10000__cap8000__Qwen-Qwen3-32B-AWQ,c1_react,Qwen/Qwen3-32B-AWQ,d29b547529713e54dffbf3bc902f0007cbd3590d4a121b929fcea1b053a8bcd8,67d1c874261f59eb3c4a040113562e7693514235a20375a5341adebec72ce302,32768,True,7278,7278,False,easy,6,clustered,0.2,0.2,0,6,0,6,0.0,7278,budget,7,0,0,0,0,False,False,,,,,0,0,0,0,0,
clustered-n6-t20-o80-s10000,16000,c1_react__clustered-n6-t20-o80-s10000__cap16000__Qwen-Qwen3-32B-AWQ,c1_react,Qwen/Qwen3-32B-AWQ,d29b547529713e54dffbf3bc902f0007cbd3590d4a121b929fcea1b053a8bcd8,67d1c874261f59eb3c4a040113562e7693514235a20375a5341adebec72ce302,32768,True,15844,15844,False,easy,6,clustered,0.2,0.8,0,6,0,6,0.0,15844,aborted,11,0,0,0,0,False,False,,,,,0,1,0,0,1,
clustered-n6-t20-o80-s10000,32000,c1_react__clustered-n6-t20-o80-s10000__cap32000__Qwen-Qwen3-32B-AWQ,c1_react,Qwen/Qwen3-32B-AWQ,d29b547529713e54dffbf3bc902f0007cbd3590d4a121b929fcea1b053a8bcd8,67d1c874261f59eb3c4a040113562e7693514235a20375a5341adebec72ce302,32768,True,31844,31844,False,easy,6,clustered,0.2,0.8,0,6,0,6,0.0,31844,aborted,11,0,0,0,0,False,False,,,,,0,1,0,0,1,
clustered-n6-t20-o80-s10000,64000,c1_react__clustered-n6-t20-o80-s10000__cap64000__Qwen-Qwen3-32B-AWQ,c1_react,Qwen/Qwen3-32B-AWQ,d29b547529713e54dffbf3bc902f0007cbd3590d4a121b929fcea1b053a8bcd8,67d1c874261f59eb3c4a040113562e7693514235a20375a5341adebec72ce302,32768,True,45452,45452,False,easy,6,clustered,0.2,0.8,0,6,0,6,0.0,45452,aborted,11,0,0,0,0,False,False,,,,,10,1,1,9,0,
clustered-n6-t20-o80-s10000,8000,c1_react__clustered-n6-t20-o80-s10000__cap8000__Qwen-Qwen3-32B-AWQ,c1_react,Qwen/Qwen3-32B-AWQ,d29b547529713e54dffbf3bc902f0007cbd3590d4a121b929fcea1b053a8bcd8,67d1c874261f59eb3c4a040113562e7693514235a20375a5341adebec72ce302,32768,True,7844,7844,False,easy,6,clustered,0.2,0.8,0,6,0,6,0.0,7844,aborted,8,0,0,0,0,False,False,,,,,0,1,0,0,1,
clustered-n6-t85-o20-s10000,16000,c1_react__clustered-n6-t85-o20-s10000__cap16000__Qwen-Qwen3-32B-AWQ,c1_react,Qwen/Qwen3-32B-AWQ,d29b547529713e54dffbf3bc902f0007cbd3590d4a121b929fcea1b053a8bcd8,67d1c874261f59eb3c4a040113562e7693514235a20375a5341adebec72ce302,32768,True,15034,15034,False,medium,6,clustered,0.85,0.2,1,5,0,5,0.0,15034,budget,10,1,1,0,0,False,False,,,,,0,0,0,0,0,travel_infeasible;window_violation
clustered-n6-t85-o20-s10000,32000,c1_react__clustered-n6-t85-o20-s10000__cap32000__Qwen-Qwen3-32B-AWQ,c1_react,Qwen/Qwen3-32B-AWQ,d29b547529713e54dffbf3bc902f0007cbd3590d4a121b929fcea1b053a8bcd8,67d1c874261f59eb3c4a040113562e7693514235a20375a5341adebec72ce302,32768,True,31844,31844,False,medium,6,clustered,0.85,0.2,1,5,0,5,0.0,31844,aborted,17,1,1,0,0,False,False,,,,,0,1,0,0,1,travel_infeasible;window_violation
clustered-n6-t85-o20-s10000,64000,c1_react__clustered-n6-t85-o20-s10000__cap64000__Qwen-Qwen3-32B-AWQ,c1_react,Qwen/Qwen3-32B-AWQ,d29b547529713e54dffbf3bc902f0007cbd3590d4a121b929fcea1b053a8bcd8,67d1c874261f59eb3c4a040113562e7693514235a20375a5341adebec72ce302,32768,True,42503,42503,False,medium,6,clustered,0.85,0.2,1,5,0,5,0.0,42503,agent_finish,18,1,1,0,0,False,False,,,,,16,0,0,16,0,travel_infeasible;window_violation
clustered-n6-t85-o20-s10000,8000,c1_react__clustered-n6-t85-o20-s10000__cap8000__Qwen-Qwen3-32B-AWQ,c1_react,Qwen/Qwen3-32B-AWQ,d29b547529713e54dffbf3bc902f0007cbd3590d4a121b929fcea1b053a8bcd8,67d1c874261f59eb3c4a040113562e7693514235a20375a5341adebec72ce302,32768,True,7844,7844,False,medium,6,clustered,0.85,0.2,1,5,0,5,0.0,7844,aborted,8,0,0,0,0,False,False,,,,,0,1,0,0,1,
clustered-n8-t100-o20-s10000,16000,c1_react__clustered-n8-t100-o20-s10000__cap16000__Qwen-Qwen3-32B-AWQ,c1_react,Qwen/Qwen3-32B-AWQ,d29b547529713e54dffbf3bc902f0007cbd3590d4a121b929fcea1b053a8bcd8,67d1c874261f59eb3c4a040113562e7693514235a20375a5341adebec72ce302,32768,True,15847,15847,False,hard,8,clustered,1.0,0.2,11,3,1,2,0.3333333333333333,15847,aborted,12,1,1,1,1,True,True,0,0,4358,4358,0,1,0,0,1,
clustered-n8-t100-o20-s10000,32000,c1_react__clustered-n8-t100-o20-s10000__cap32000__Qwen-Qwen3-32B-AWQ,c1_react,Qwen/Qwen3-32B-AWQ,d29b547529713e54dffbf3bc902f0007cbd3590d4a121b929fcea1b053a8bcd8,67d1c874261f59eb3c4a040113562e7693514235a20375a5341adebec72ce302,32768,True,22171,22171,False,hard,8,clustered,1.0,0.2,11,3,1,2,0.3333333333333333,22171,agent_finish,13,2,2,1,1,True,True,0,0,4358,4358,0,0,0,0,0,travel_infeasible;window_violation
clustered-n8-t100-o20-s10000,64000,c1_react__clustered-n8-t100-o20-s10000__cap64000__Qwen-Qwen3-32B-AWQ,c1_react,Qwen/Qwen3-32B-AWQ,d29b547529713e54dffbf3bc902f0007cbd3590d4a121b929fcea1b053a8bcd8,67d1c874261f59eb3c4a040113562e7693514235a20375a5341adebec72ce302,32768,True,22171,22171,False,hard,8,clustered,1.0,0.2,11,3,1,2,0.3333333333333333,22171,agent_finish,13,2,2,1,1,True,True,0,0,4358,4358,13,0,0,13,0,travel_infeasible;window_violation
clustered-n8-t100-o20-s10000,8000,c1_react__clustered-n8-t100-o20-s10000__cap8000__Qwen-Qwen3-32B-AWQ,c1_react,Qwen/Qwen3-32B-AWQ,d29b547529713e54dffbf3bc902f0007cbd3590d4a121b929fcea1b053a8bcd8,67d1c874261f59eb3c4a040113562e7693514235a20375a5341adebec72ce302,32768,True,7847,7847,False,hard,8,clustered,1.0,0.2,11,3,1,2,0.3333333333333333,7847,aborted,8,1,1,1,1,True,True,0,0,4358,4358,0,1,0,0,1,
clustered-n8-t20-o20-s10000,16000,c1_react__clustered-n8-t20-o20-s10000__cap16000__Qwen-Qwen3-32B-AWQ,c1_react,Qwen/Qwen3-32B-AWQ,d29b547529713e54dffbf3bc902f0007cbd3590d4a121b929fcea1b053a8bcd8,67d1c874261f59eb3c4a040113562e7693514235a20375a5341adebec72ce302,32768,True,15844,15844,False,easy,8,clustered,0.2,0.2,0,8,0,8,0.0,15844,aborted,11,0,0,0,0,False,False,,,,,0,1,0,0,1,
clustered-n8-t20-o20-s10000,32000,c1_react__clustered-n8-t20-o20-s10000__cap32000__Qwen-Qwen3-32B-AWQ,c1_react,Qwen/Qwen3-32B-AWQ,d29b547529713e54dffbf3bc902f0007cbd3590d4a121b929fcea1b053a8bcd8,67d1c874261f59eb3c4a040113562e7693514235a20375a5341adebec72ce302,32768,True,31844,31844,False,easy,8,clustered,0.2,0.2,0,8,0,8,0.0,31844,aborted,16,0,0,0,0,False,False,,,,,0,1,0,0,1,
clustered-n8-t20-o20-s10000,64000,c1_react__clustered-n8-t20-o20-s10000__cap64000__Qwen-Qwen3-32B-AWQ,c1_react,Qwen/Qwen3-32B-AWQ,d29b547529713e54dffbf3bc902f0007cbd3590d4a121b929fcea1b053a8bcd8,67d1c874261f59eb3c4a040113562e7693514235a20375a5341adebec72ce302,32768,True,54841,54841,False,easy,8,clustered,0.2,0.2,0,8,0,8,0.0,54841,agent_finish,22,2,2,0,0,False,False,,,,,15,0,0,15,0,window_violation;window_violation
clustered-n8-t20-o20-s10000,8000,c1_react__clustered-n8-t20-o20-s10000__cap8000__Qwen-Qwen3-32B-AWQ,c1_react,Qwen/Qwen3-32B-AWQ,d29b547529713e54dffbf3bc902f0007cbd3590d4a121b929fcea1b053a8bcd8,67d1c874261f59eb3c4a040113562e7693514235a20375a5341adebec72ce302,32768,True,7844,7844,False,easy,8,clustered,0.2,0.2,0,8,0,8,0.0,7844,aborted,7,0,0,0,0,False,False,,,,,0,1,0,0,1,
clustered-n8-t85-o20-s10000,16000,c1_react__clustered-n8-t85-o20-s10000__cap16000__Qwen-Qwen3-32B-AWQ,c1_react,Qwen/Qwen3-32B-AWQ,d29b547529713e54dffbf3bc902f0007cbd3590d4a121b929fcea1b053a8bcd8,67d1c874261f59eb3c4a040113562e7693514235a20375a5341adebec72ce302,32768,True,15844,15844,False,medium,8,clustered,0.85,0.2,1,4,0,4,0.0,15844,aborted,12,0,0,0,0,False,False,,,,,0,1,0,0,1,
clustered-n8-t85-o20-s10000,32000,c1_react__clustered-n8-t85-o20-s10000__cap32000__Qwen-Qwen3-32B-AWQ,c1_react,Qwen/Qwen3-32B-AWQ,d29b547529713e54dffbf3bc902f0007cbd3590d4a121b929fcea1b053a8bcd8,67d1c874261f59eb3c4a040113562e7693514235a20375a5341adebec72ce302,32768,True,27347,27347,False,medium,8,clustered,0.85,0.2,1,4,0,4,0.0,27347,budget,14,0,0,0,0,False,False,,,,,0,0,0,0,0,
clustered-n8-t85-o20-s10000,64000,c1_react__clustered-n8-t85-o20-s10000__cap64000__Qwen-Qwen3-32B-AWQ,c1_react,Qwen/Qwen3-32B-AWQ,d29b547529713e54dffbf3bc902f0007cbd3590d4a121b929fcea1b053a8bcd8,67d1c874261f59eb3c4a040113562e7693514235a20375a5341adebec72ce302,32768,True,45050,45050,False,medium,8,clustered,0.85,0.2,1,4,4,0,1.0,45050,agent_finish,16,1,1,1,1,True,True,0,0,36851,36851,14,0,0,14,0,
clustered-n8-t85-o20-s10000,8000,c1_react__clustered-n8-t85-o20-s10000__cap8000__Qwen-Qwen3-32B-AWQ,c1_react,Qwen/Qwen3-32B-AWQ,d29b547529713e54dffbf3bc902f0007cbd3590d4a121b929fcea1b053a8bcd8,67d1c874261f59eb3c4a040113562e7693514235a20375a5341adebec72ce302,32768,True,7844,7844,False,medium,8,clustered,0.85,0.2,1,4,0,4,0.0,7844,aborted,8,0,0,0,0,False,False,,,,,0,1,0,0,1,
uniform-n4-t100-o20-s10000,16000,c1_react__uniform-n4-t100-o20-s10000__cap16000__Qwen-Qwen3-32B-AWQ,c1_react,Qwen/Qwen3-32B-AWQ,d29b547529713e54dffbf3bc902f0007cbd3590d4a121b929fcea1b053a8bcd8,67d1c874261f59eb3c4a040113562e7693514235a20375a5341adebec72ce302,32768,True,15844,15844,False,medium,4,uniform,1.0,0.2,1,3,0,3,0.0,15844,aborted,11,0,0,0,0,False,False,,,,,0,1,0,0,1,
uniform-n4-t100-o20-s10000,32000,c1_react__uniform-n4-t100-o20-s10000__cap32000__Qwen-Qwen3-32B-AWQ,c1_react,Qwen/Qwen3-32B-AWQ,d29b547529713e54dffbf3bc902f0007cbd3590d4a121b929fcea1b053a8bcd8,67d1c874261f59eb3c4a040113562e7693514235a20375a5341adebec72ce302,32768,True,31855,31855,False,medium,4,uniform,1.0,0.2,1,3,2,1,0.6666666666666666,31855,aborted,16,1,1,1,1,True,True,0,0,24361,24361,0,1,0,0,1,
uniform-n4-t100-o20-s10000,64000,c1_react__uniform-n4-t100-o20-s10000__cap64000__Qwen-Qwen3-32B-AWQ,c1_react,Qwen/Qwen3-32B-AWQ,d29b547529713e54dffbf3bc902f0007cbd3590d4a121b929fcea1b053a8bcd8,67d1c874261f59eb3c4a040113562e7693514235a20375a5341adebec72ce302,32768,True,38705,38705,False,medium,4,uniform,1.0,0.2,1,3,3,0,1.0,38705,agent_finish,17,2,2,2,2,True,True,0,0,24361,24361,15,0,0,15,0,
uniform-n4-t100-o20-s10000,8000,c1_react__uniform-n4-t100-o20-s10000__cap8000__Qwen-Qwen3-32B-AWQ,c1_react,Qwen/Qwen3-32B-AWQ,d29b547529713e54dffbf3bc902f0007cbd3590d4a121b929fcea1b053a8bcd8,67d1c874261f59eb3c4a040113562e7693514235a20375a5341adebec72ce302,32768,True,7844,7844,False,medium,4,uniform,1.0,0.2,1,3,0,3,0.0,7844,aborted,7,0,0,0,0,False,False,,,,,0,1,0,0,1,
uniform-n4-t100-o80-s10000,16000,c1_react__uniform-n4-t100-o80-s10000__cap16000__Qwen-Qwen3-32B-AWQ,c1_react,Qwen/Qwen3-32B-AWQ,d29b547529713e54dffbf3bc902f0007cbd3590d4a121b929fcea1b053a8bcd8,67d1c874261f59eb3c4a040113562e7693514235a20375a5341adebec72ce302,32768,True,15844,15844,False,medium,4,uniform,1.0,0.8,5,2,0,2,0.0,15844,aborted,11,0,0,0,0,False,False,,,,,0,1,0,0,1,
uniform-n4-t100-o80-s10000,32000,c1_react__uniform-n4-t100-o80-s10000__cap32000__Qwen-Qwen3-32B-AWQ,c1_react,Qwen/Qwen3-32B-AWQ,d29b547529713e54dffbf3bc902f0007cbd3590d4a121b929fcea1b053a8bcd8,67d1c874261f59eb3c4a040113562e7693514235a20375a5341adebec72ce302,32768,True,26576,26576,False,medium,4,uniform,1.0,0.8,5,2,2,0,1.0,26576,agent_finish,12,1,1,1,1,True,True,0,0,20974,20974,0,0,0,0,0,
uniform-n4-t100-o80-s10000,64000,c1_react__uniform-n4-t100-o80-s10000__cap64000__Qwen-Qwen3-32B-AWQ,c1_react,Qwen/Qwen3-32B-AWQ,d29b547529713e54dffbf3bc902f0007cbd3590d4a121b929fcea1b053a8bcd8,67d1c874261f59eb3c4a040113562e7693514235a20375a5341adebec72ce302,32768,True,26576,26576,False,medium,4,uniform,1.0,0.8,5,2,2,0,1.0,26576,agent_finish,12,1,1,1,1,True,True,0,0,20974,20974,12,0,0,12,0,
uniform-n4-t100-o80-s10000,8000,c1_react__uniform-n4-t100-o80-s10000__cap8000__Qwen-Qwen3-32B-AWQ,c1_react,Qwen/Qwen3-32B-AWQ,d29b547529713e54dffbf3bc902f0007cbd3590d4a121b929fcea1b053a8bcd8,67d1c874261f59eb3c4a040113562e7693514235a20375a5341adebec72ce302,32768,True,7844,7844,False,medium,4,uniform,1.0,0.8,5,2,0,2,0.0,7844,aborted,8,0,0,0,0,False,False,,,,,0,1,0,0,1,
uniform-n4-t100-o80-s10001,16000,c1_react__uniform-n4-t100-o80-s10001__cap16000__Qwen-Qwen3-32B-AWQ,c1_react,Qwen/Qwen3-32B-AWQ,d29b547529713e54dffbf3bc902f0007cbd3590d4a121b929fcea1b053a8bcd8,67d1c874261f59eb3c4a040113562e7693514235a20375a5341adebec72ce302,32768,True,15844,15844,False,hard,4,uniform,1.0,0.8,6,1,0,1,0.0,15844,aborted,9,1,1,0,0,False,False,,,,,0,1,0,0,1,travel_infeasible
uniform-n4-t100-o80-s10001,32000,c1_react__uniform-n4-t100-o80-s10001__cap32000__Qwen-Qwen3-32B-AWQ,c1_react,Qwen/Qwen3-32B-AWQ,d29b547529713e54dffbf3bc902f0007cbd3590d4a121b929fcea1b053a8bcd8,67d1c874261f59eb3c4a040113562e7693514235a20375a5341adebec72ce302,32768,True,31848,31848,False,hard,4,uniform,1.0,0.8,6,1,1,0,1.0,31848,aborted,13,2,2,1,1,True,True,1,1,29636,29636,0,1,0,0,1,travel_infeasible
uniform-n4-t100-o80-s10001,64000,c1_react__uniform-n4-t100-o80-s10001__cap64000__Qwen-Qwen3-32B-AWQ,c1_react,Qwen/Qwen3-32B-AWQ,d29b547529713e54dffbf3bc902f0007cbd3590d4a121b929fcea1b053a8bcd8,67d1c874261f59eb3c4a040113562e7693514235a20375a5341adebec72ce302,32768,True,36580,36580,False,hard,4,uniform,1.0,0.8,6,1,1,0,1.0,36580,agent_finish,13,2,2,1,1,True,True,1,1,29636,29636,12,0,0,12,0,travel_infeasible
uniform-n4-t100-o80-s10001,8000,c1_react__uniform-n4-t100-o80-s10001__cap8000__Qwen-Qwen3-32B-AWQ,c1_react,Qwen/Qwen3-32B-AWQ,d29b547529713e54dffbf3bc902f0007cbd3590d4a121b929fcea1b053a8bcd8,67d1c874261f59eb3c4a040113562e7693514235a20375a5341adebec72ce302,32768,True,7844,7844,False,hard,4,uniform,1.0,0.8,6,1,0,1,0.0,7844,aborted,7,0,0,0,0,False,False,,,,,0,1,0,0,1,
uniform-n4-t100-o80-s10002,16000,c1_react__uniform-n4-t100-o80-s10002__cap16000__Qwen-Qwen3-32B-AWQ,c1_react,Qwen/Qwen3-32B-AWQ,d29b547529713e54dffbf3bc902f0007cbd3590d4a121b929fcea1b053a8bcd8,67d1c874261f59eb3c4a040113562e7693514235a20375a5341adebec72ce302,32768,True,15823,15823,False,hard,4,uniform,1.0,0.8,6,1,0,1,0.0,15823,budget,11,0,0,0,0,False,False,,,,,0,0,0,0,0,
uniform-n4-t100-o80-s10002,32000,c1_react__uniform-n4-t100-o80-s10002__cap32000__Qwen-Qwen3-32B-AWQ,c1_react,Qwen/Qwen3-32B-AWQ,d29b547529713e54dffbf3bc902f0007cbd3590d4a121b929fcea1b053a8bcd8,67d1c874261f59eb3c4a040113562e7693514235a20375a5341adebec72ce302,32768,True,31844,31844,False,hard,4,uniform,1.0,0.8,6,1,0,1,0.0,31844,aborted,14,0,0,0,0,False,False,,,,,0,1,0,0,1,
uniform-n4-t100-o80-s10002,64000,c1_react__uniform-n4-t100-o80-s10002__cap64000__Qwen-Qwen3-32B-AWQ,c1_react,Qwen/Qwen3-32B-AWQ,d29b547529713e54dffbf3bc902f0007cbd3590d4a121b929fcea1b053a8bcd8,67d1c874261f59eb3c4a040113562e7693514235a20375a5341adebec72ce302,32768,True,41220,41220,False,hard,4,uniform,1.0,0.8,6,1,1,0,1.0,41220,agent_finish,15,1,1,1,1,True,True,0,0,37482,37482,13,0,0,13,0,
uniform-n4-t100-o80-s10002,8000,c1_react__uniform-n4-t100-o80-s10002__cap8000__Qwen-Qwen3-32B-AWQ,c1_react,Qwen/Qwen3-32B-AWQ,d29b547529713e54dffbf3bc902f0007cbd3590d4a121b929fcea1b053a8bcd8,67d1c874261f59eb3c4a040113562e7693514235a20375a5341adebec72ce302,32768,True,7844,7844,False,hard,4,uniform,1.0,0.8,6,1,0,1,0.0,7844,budget,7,0,0,0,0,False,False,,,,,0,1,0,0,1,
uniform-n4-t20-o20-s10000,16000,c1_react__uniform-n4-t20-o20-s10000__cap16000__Qwen-Qwen3-32B-AWQ,c1_react,Qwen/Qwen3-32B-AWQ,d29b547529713e54dffbf3bc902f0007cbd3590d4a121b929fcea1b053a8bcd8,67d1c874261f59eb3c4a040113562e7693514235a20375a5341adebec72ce302,32768,True,15844,15844,False,easy,4,uniform,0.2,0.2,0,4,0,4,0.0,15844,aborted,12,1,1,0,0,False,False,,,,,0,1,0,0,1,travel_infeasible
uniform-n4-t20-o20-s10000,32000,c1_react__uniform-n4-t20-o20-s10000__cap32000__Qwen-Qwen3-32B-AWQ,c1_react,Qwen/Qwen3-32B-AWQ,d29b547529713e54dffbf3bc902f0007cbd3590d4a121b929fcea1b053a8bcd8,67d1c874261f59eb3c4a040113562e7693514235a20375a5341adebec72ce302,32768,True,25320,25320,False,easy,4,uniform,0.2,0.2,0,4,4,0,1.0,25320,agent_finish,16,2,2,1,1,True,True,1,1,23669,23669,0,0,0,0,0,travel_infeasible
uniform-n4-t20-o20-s10000,64000,c1_react__uniform-n4-t20-o20-s10000__cap64000__Qwen-Qwen3-32B-AWQ,c1_react,Qwen/Qwen3-32B-AWQ,d29b547529713e54dffbf3bc902f0007cbd3590d4a121b929fcea1b053a8bcd8,67d1c874261f59eb3c4a040113562e7693514235a20375a5341adebec72ce302,32768,True,25320,25320,False,easy,4,uniform,0.2,0.2,0,4,4,0,1.0,25320,agent_finish,16,2,2,1,1,True,True,1,1,23669,23669,16,0,0,16,0,travel_infeasible
uniform-n4-t20-o20-s10000,8000,c1_react__uniform-n4-t20-o20-s10000__cap8000__Qwen-Qwen3-32B-AWQ,c1_react,Qwen/Qwen3-32B-AWQ,d29b547529713e54dffbf3bc902f0007cbd3590d4a121b929fcea1b053a8bcd8,67d1c874261f59eb3c4a040113562e7693514235a20375a5341adebec72ce302,32768,True,7389,7389,False,easy,4,uniform,0.2,0.2,0,4,0,4,0.0,7389,budget,8,0,0,0,0,False,False,,,,,0,0,0,0,0,
uniform-n4-t20-o80-s10000,16000,c1_react__uniform-n4-t20-o80-s10000__cap16000__Qwen-Qwen3-32B-AWQ,c1_react,Qwen/Qwen3-32B-AWQ,d29b547529713e54dffbf3bc902f0007cbd3590d4a121b929fcea1b053a8bcd8,67d1c874261f59eb3c4a040113562e7693514235a20375a5341adebec72ce302,32768,True,15152,15152,False,easy,4,uniform,0.2,0.8,0,4,0,4,0.0,15152,budget,11,0,0,0,0,False,False,,,,,0,0,0,0,0,
uniform-n4-t20-o80-s10000,32000,c1_react__uniform-n4-t20-o80-s10000__cap32000__Qwen-Qwen3-32B-AWQ,c1_react,Qwen/Qwen3-32B-AWQ,d29b547529713e54dffbf3bc902f0007cbd3590d4a121b929fcea1b053a8bcd8,67d1c874261f59eb3c4a040113562e7693514235a20375a5341adebec72ce302,32768,True,29130,29130,False,easy,4,uniform,0.2,0.8,0,4,4,0,1.0,29130,agent_finish,15,1,1,1,1,True,True,0,0,26389,26389,0,0,0,0,0,
uniform-n4-t20-o80-s10000,64000,c1_react__uniform-n4-t20-o80-s10000__cap64000__Qwen-Qwen3-32B-AWQ,c1_react,Qwen/Qwen3-32B-AWQ,d29b547529713e54dffbf3bc902f0007cbd3590d4a121b929fcea1b053a8bcd8,67d1c874261f59eb3c4a040113562e7693514235a20375a5341adebec72ce302,32768,True,29130,29130,False,easy,4,uniform,0.2,0.8,0,4,4,0,1.0,29130,agent_finish,15,1,1,1,1,True,True,0,0,26389,26389,15,0,0,15,0,
uniform-n4-t20-o80-s10000,8000,c1_react__uniform-n4-t20-o80-s10000__cap8000__Qwen-Qwen3-32B-AWQ,c1_react,Qwen/Qwen3-32B-AWQ,d29b547529713e54dffbf3bc902f0007cbd3590d4a121b929fcea1b053a8bcd8,67d1c874261f59eb3c4a040113562e7693514235a20375a5341adebec72ce302,32768,True,7284,7284,False,easy,4,uniform,0.2,0.8,0,4,0,4,0.0,7284,budget,8,0,0,0,0,False,False,,,,,0,0,0,0,0,
uniform-n6-t100-o20-s10000,16000,c1_react__uniform-n6-t100-o20-s10000__cap16000__Qwen-Qwen3-32B-AWQ,c1_react,Qwen/Qwen3-32B-AWQ,d29b547529713e54dffbf3bc902f0007cbd3590d4a121b929fcea1b053a8bcd8,67d1c874261f59eb3c4a040113562e7693514235a20375a5341adebec72ce302,32768,True,15844,15844,False,hard,6,uniform,1.0,0.2,6,3,0,3,0.0,15844,aborted,12,0,0,0,0,False,False,,,,,0,1,0,0,1,
uniform-n6-t100-o20-s10000,32000,c1_react__uniform-n6-t100-o20-s10000__cap32000__Qwen-Qwen3-32B-AWQ,c1_react,Qwen/Qwen3-32B-AWQ,d29b547529713e54dffbf3bc902f0007cbd3590d4a121b929fcea1b053a8bcd8,67d1c874261f59eb3c4a040113562e7693514235a20375a5341adebec72ce302,32768,True,31844,31844,False,hard,6,uniform,1.0,0.2,6,3,0,3,0.0,31844,aborted,15,0,0,0,0,False,False,,,,,0,1,0,0,1,
uniform-n6-t100-o20-s10000,64000,c1_react__uniform-n6-t100-o20-s10000__cap64000__Qwen-Qwen3-32B-AWQ,c1_react,Qwen/Qwen3-32B-AWQ,d29b547529713e54dffbf3bc902f0007cbd3590d4a121b929fcea1b053a8bcd8,67d1c874261f59eb3c4a040113562e7693514235a20375a5341adebec72ce302,32768,True,63232,63232,False,hard,6,uniform,1.0,0.2,6,3,0,3,0.0,63232,budget,19,2,2,0,0,False,False,,,,,14,0,0,14,0,travel_infeasible;travel_infeasible
uniform-n6-t100-o20-s10000,8000,c1_react__uniform-n6-t100-o20-s10000__cap8000__Qwen-Qwen3-32B-AWQ,c1_react,Qwen/Qwen3-32B-AWQ,d29b547529713e54dffbf3bc902f0007cbd3590d4a121b929fcea1b053a8bcd8,67d1c874261f59eb3c4a040113562e7693514235a20375a5341adebec72ce302,32768,True,7844,7844,False,hard,6,uniform,1.0,0.2,6,3,0,3,0.0,7844,aborted,9,0,0,0,0,False,False,,,,,0,1,0,0,1,
uniform-n6-t100-o80-s10000,16000,c1_react__uniform-n6-t100-o80-s10000__cap16000__Qwen-Qwen3-32B-AWQ,c1_react,Qwen/Qwen3-32B-AWQ,d29b547529713e54dffbf3bc902f0007cbd3590d4a121b929fcea1b053a8bcd8,67d1c874261f59eb3c4a040113562e7693514235a20375a5341adebec72ce302,32768,True,15844,15844,False,hard,6,uniform,1.0,0.8,11,2,0,2,0.0,15844,aborted,12,0,0,0,0,False,False,,,,,0,1,0,0,1,
uniform-n6-t100-o80-s10000,32000,c1_react__uniform-n6-t100-o80-s10000__cap32000__Qwen-Qwen3-32B-AWQ,c1_react,Qwen/Qwen3-32B-AWQ,d29b547529713e54dffbf3bc902f0007cbd3590d4a121b929fcea1b053a8bcd8,67d1c874261f59eb3c4a040113562e7693514235a20375a5341adebec72ce302,32768,True,31844,31844,False,hard,6,uniform,1.0,0.8,11,2,0,2,0.0,31844,aborted,13,1,1,0,0,False,False,,,,,0,1,0,0,1,travel_infeasible
uniform-n6-t100-o80-s10000,64000,c1_react__uniform-n6-t100-o80-s10000__cap64000__Qwen-Qwen3-32B-AWQ,c1_react,Qwen/Qwen3-32B-AWQ,d29b547529713e54dffbf3bc902f0007cbd3590d4a121b929fcea1b053a8bcd8,67d1c874261f59eb3c4a040113562e7693514235a20375a5341adebec72ce302,32768,True,60849,60849,False,hard,6,uniform,1.0,0.8,11,2,0,2,0.0,60849,agent_finish,18,2,2,0,0,False,False,,,,,12,0,0,12,0,travel_infeasible;travel_infeasible;window_violation
uniform-n6-t100-o80-s10000,8000,c1_react__uniform-n6-t100-o80-s10000__cap8000__Qwen-Qwen3-32B-AWQ,c1_react,Qwen/Qwen3-32B-AWQ,d29b547529713e54dffbf3bc902f0007cbd3590d4a121b929fcea1b053a8bcd8,67d1c874261f59eb3c4a040113562e7693514235a20375a5341adebec72ce302,32768,True,7423,7423,False,hard,6,uniform,1.0,0.8,11,2,0,2,0.0,7423,budget,7,0,0,0,0,False,False,,,,,0,0,0,0,0,
uniform-n6-t20-o20-s10000,16000,c1_react__uniform-n6-t20-o20-s10000__cap16000__Qwen-Qwen3-32B-AWQ,c1_react,Qwen/Qwen3-32B-AWQ,d29b547529713e54dffbf3bc902f0007cbd3590d4a121b929fcea1b053a8bcd8,67d1c874261f59eb3c4a040113562e7693514235a20375a5341adebec72ce302,32768,True,15844,15844,False,easy,6,uniform,0.2,0.2,0,6,0,6,0.0,15844,aborted,10,1,1,0,0,False,False,,,,,0,1,0,0,1,travel_infeasible
uniform-n6-t20-o20-s10000,32000,c1_react__uniform-n6-t20-o20-s10000__cap32000__Qwen-Qwen3-32B-AWQ,c1_react,Qwen/Qwen3-32B-AWQ,d29b547529713e54dffbf3bc902f0007cbd3590d4a121b929fcea1b053a8bcd8,67d1c874261f59eb3c4a040113562e7693514235a20375a5341adebec72ce302,32768,True,31844,31844,False,easy,6,uniform,0.2,0.2,0,6,0,6,0.0,31844,aborted,16,2,2,0,0,False,False,,,,,0,1,0,0,1,travel_infeasible;travel_infeasible
uniform-n6-t20-o20-s10000,64000,c1_react__uniform-n6-t20-o20-s10000__cap64000__Qwen-Qwen3-32B-AWQ,c1_react,Qwen/Qwen3-32B-AWQ,d29b547529713e54dffbf3bc902f0007cbd3590d4a121b929fcea1b053a8bcd8,67d1c874261f59eb3c4a040113562e7693514235a20375a5341adebec72ce302,32768,True,31875,31875,False,easy,6,uniform,0.2,0.2,0,6,0,6,0.0,31875,agent_finish,16,2,2,0,0,False,False,,,,,15,0,0,15,0,travel_infeasible;travel_infeasible
uniform-n6-t20-o20-s10000,8000,c1_react__uniform-n6-t20-o20-s10000__cap8000__Qwen-Qwen3-32B-AWQ,c1_react,Qwen/Qwen3-32B-AWQ,d29b547529713e54dffbf3bc902f0007cbd3590d4a121b929fcea1b053a8bcd8,67d1c874261f59eb3c4a040113562e7693514235a20375a5341adebec72ce302,32768,True,7278,7278,False,easy,6,uniform,0.2,0.2,0,6,0,6,0.0,7278,budget,7,0,0,0,0,False,False,,,,,0,0,0,0,0,
uniform-n6-t20-o80-s10000,16000,c1_react__uniform-n6-t20-o80-s10000__cap16000__Qwen-Qwen3-32B-AWQ,c1_react,Qwen/Qwen3-32B-AWQ,d29b547529713e54dffbf3bc902f0007cbd3590d4a121b929fcea1b053a8bcd8,67d1c874261f59eb3c4a040113562e7693514235a20375a5341adebec72ce302,32768,True,15476,15476,False,easy,6,uniform,0.2,0.8,0,6,0,6,0.0,15476,budget,11,1,1,0,0,False,False,,,,,0,0,0,0,0,travel_infeasible;window_violation
uniform-n6-t20-o80-s10000,32000,c1_react__uniform-n6-t20-o80-s10000__cap32000__Qwen-Qwen3-32B-AWQ,c1_react,Qwen/Qwen3-32B-AWQ,d29b547529713e54dffbf3bc902f0007cbd3590d4a121b929fcea1b053a8bcd8,67d1c874261f59eb3c4a040113562e7693514235a20375a5341adebec72ce302,32768,True,31208,31208,False,easy,6,uniform,0.2,0.8,0,6,0,6,0.0,31208,budget,17,1,1,0,0,False,False,,,,,0,0,0,0,0,travel_infeasible;window_violation
uniform-n6-t20-o80-s10000,64000,c1_react__uniform-n6-t20-o80-s10000__cap64000__Qwen-Qwen3-32B-AWQ,c1_react,Qwen/Qwen3-32B-AWQ,d29b547529713e54dffbf3bc902f0007cbd3590d4a121b929fcea1b053a8bcd8,67d1c874261f59eb3c4a040113562e7693514235a20375a5341adebec72ce302,32768,True,44044,44044,False,easy,6,uniform,0.2,0.8,0,6,0,6,0.0,44044,agent_finish,20,2,2,0,0,False,False,,,,,16,0,0,16,0,travel_infeasible;window_violation;travel_infeasible
uniform-n6-t20-o80-s10000,8000,c1_react__uniform-n6-t20-o80-s10000__cap8000__Qwen-Qwen3-32B-AWQ,c1_react,Qwen/Qwen3-32B-AWQ,d29b547529713e54dffbf3bc902f0007cbd3590d4a121b929fcea1b053a8bcd8,67d1c874261f59eb3c4a040113562e7693514235a20375a5341adebec72ce302,32768,True,7388,7388,False,easy,6,uniform,0.2,0.8,0,6,0,6,0.0,7388,budget,7,0,0,0,0,False,False,,,,,0,0,0,0,0,
uniform-n6-t85-o20-s10000,16000,c1_react__uniform-n6-t85-o20-s10000__cap16000__Qwen-Qwen3-32B-AWQ,c1_react,Qwen/Qwen3-32B-AWQ,d29b547529713e54dffbf3bc902f0007cbd3590d4a121b929fcea1b053a8bcd8,67d1c874261f59eb3c4a040113562e7693514235a20375a5341adebec72ce302,32768,True,15844,15844,False,medium,6,uniform,0.85,0.2,1,5,0,5,0.0,15844,aborted,12,0,0,0,0,False,False,,,,,0,1,0,0,1,
uniform-n6-t85-o20-s10000,32000,c1_react__uniform-n6-t85-o20-s10000__cap32000__Qwen-Qwen3-32B-AWQ,c1_react,Qwen/Qwen3-32B-AWQ,d29b547529713e54dffbf3bc902f0007cbd3590d4a121b929fcea1b053a8bcd8,67d1c874261f59eb3c4a040113562e7693514235a20375a5341adebec72ce302,32768,True,31785,31785,False,medium,6,uniform,0.85,0.2,1,5,0,5,0.0,31785,budget,15,1,1,0,0,False,False,,,,,0,0,0,0,0,travel_infeasible;window_violation
uniform-n6-t85-o20-s10000,64000,c1_react__uniform-n6-t85-o20-s10000__cap64000__Qwen-Qwen3-32B-AWQ,c1_react,Qwen/Qwen3-32B-AWQ,d29b547529713e54dffbf3bc902f0007cbd3590d4a121b929fcea1b053a8bcd8,67d1c874261f59eb3c4a040113562e7693514235a20375a5341adebec72ce302,32768,True,63956,63956,False,medium,6,uniform,0.85,0.2,1,5,5,0,1.0,63956,aborted,24,2,2,1,1,True,True,1,1,61899,61899,14,1,0,14,1,travel_infeasible;window_violation
uniform-n6-t85-o20-s10000,8000,c1_react__uniform-n6-t85-o20-s10000__cap8000__Qwen-Qwen3-32B-AWQ,c1_react,Qwen/Qwen3-32B-AWQ,d29b547529713e54dffbf3bc902f0007cbd3590d4a121b929fcea1b053a8bcd8,67d1c874261f59eb3c4a040113562e7693514235a20375a5341adebec72ce302,32768,True,7844,7844,False,medium,6,uniform,0.85,0.2,1,5,0,5,0.0,7844,aborted,8,0,0,0,0,False,False,,,,,0,1,0,0,1,
uniform-n6-t85-o80-s10000,16000,c1_react__uniform-n6-t85-o80-s10000__cap16000__Qwen-Qwen3-32B-AWQ,c1_react,Qwen/Qwen3-32B-AWQ,d29b547529713e54dffbf3bc902f0007cbd3590d4a121b929fcea1b053a8bcd8,67d1c874261f59eb3c4a040113562e7693514235a20375a5341adebec72ce302,32768,True,15844,15844,False,medium,6,uniform,0.85,0.8,4,3,0,3,0.0,15844,aborted,12,0,0,0,0,False,False,,,,,0,1,0,0,1,
uniform-n6-t85-o80-s10000,32000,c1_react__uniform-n6-t85-o80-s10000__cap32000__Qwen-Qwen3-32B-AWQ,c1_react,Qwen/Qwen3-32B-AWQ,d29b547529713e54dffbf3bc902f0007cbd3590d4a121b929fcea1b053a8bcd8,67d1c874261f59eb3c4a040113562e7693514235a20375a5341adebec72ce302,32768,True,31844,31844,False,medium,6,uniform,0.85,0.8,4,3,0,3,0.0,31844,aborted,15,0,0,0,0,False,False,,,,,0,1,0,0,1,
uniform-n6-t85-o80-s10000,64000,c1_react__uniform-n6-t85-o80-s10000__cap64000__Qwen-Qwen3-32B-AWQ,c1_react,Qwen/Qwen3-32B-AWQ,d29b547529713e54dffbf3bc902f0007cbd3590d4a121b929fcea1b053a8bcd8,67d1c874261f59eb3c4a040113562e7693514235a20375a5341adebec72ce302,32768,True,63912,63912,False,medium,6,uniform,0.85,0.8,4,3,3,0,1.0,63912,aborted,20,3,3,1,1,True,True,2,2,58684,58684,14,1,0,14,1,travel_infeasible;travel_infeasible
uniform-n6-t85-o80-s10000,8000,c1_react__uniform-n6-t85-o80-s10000__cap8000__Qwen-Qwen3-32B-AWQ,c1_react,Qwen/Qwen3-32B-AWQ,d29b547529713e54dffbf3bc902f0007cbd3590d4a121b929fcea1b053a8bcd8,67d1c874261f59eb3c4a040113562e7693514235a20375a5341adebec72ce302,32768,True,7444,7444,False,medium,6,uniform,0.85,0.8,4,3,0,3,0.0,7444,budget,7,0,0,0,0,False,False,,,,,0,0,0,0,0,
uniform-n8-t100-o20-s10000,16000,c1_react__uniform-n8-t100-o20-s10000__cap16000__Qwen-Qwen3-32B-AWQ,c1_react,Qwen/Qwen3-32B-AWQ,d29b547529713e54dffbf3bc902f0007cbd3590d4a121b929fcea1b053a8bcd8,67d1c874261f59eb3c4a040113562e7693514235a20375a5341adebec72ce302,32768,True,15844,15844,False,hard,8,uniform,1.0,0.2,7,4,0,4,0.0,15844,aborted,12,0,0,0,0,False,False,,,,,0,1,0,0,1,
uniform-n8-t100-o20-s10000,32000,c1_react__uniform-n8-t100-o20-s10000__cap32000__Qwen-Qwen3-32B-AWQ,c1_react,Qwen/Qwen3-32B-AWQ,d29b547529713e54dffbf3bc902f0007cbd3590d4a121b929fcea1b053a8bcd8,67d1c874261f59eb3c4a040113562e7693514235a20375a5341adebec72ce302,32768,True,21734,21734,False,hard,8,uniform,1.0,0.2,7,4,4,0,1.0,21734,agent_finish,14,1,1,1,1,True,True,0,0,19115,19115,0,0,0,0,0,
uniform-n8-t100-o20-s10000,64000,c1_react__uniform-n8-t100-o20-s10000__cap64000__Qwen-Qwen3-32B-AWQ,c1_react,Qwen/Qwen3-32B-AWQ,d29b547529713e54dffbf3bc902f0007cbd3590d4a121b929fcea1b053a8bcd8,67d1c874261f59eb3c4a040113562e7693514235a20375a5341adebec72ce302,32768,True,21734,21734,False,hard,8,uniform,1.0,0.2,7,4,4,0,1.0,21734,agent_finish,14,1,1,1,1,True,True,0,0,19115,19115,14,0,0,14,0,
uniform-n8-t100-o20-s10000,8000,c1_react__uniform-n8-t100-o20-s10000__cap8000__Qwen-Qwen3-32B-AWQ,c1_react,Qwen/Qwen3-32B-AWQ,d29b547529713e54dffbf3bc902f0007cbd3590d4a121b929fcea1b053a8bcd8,67d1c874261f59eb3c4a040113562e7693514235a20375a5341adebec72ce302,32768,True,7844,7844,False,hard,8,uniform,1.0,0.2,7,4,0,4,0.0,7844,aborted,7,0,0,0,0,False,False,,,,,0,1,0,0,1,
uniform-n8-t20-o20-s10000,16000,c1_react__uniform-n8-t20-o20-s10000__cap16000__Qwen-Qwen3-32B-AWQ,c1_react,Qwen/Qwen3-32B-AWQ,d29b547529713e54dffbf3bc902f0007cbd3590d4a121b929fcea1b053a8bcd8,67d1c874261f59eb3c4a040113562e7693514235a20375a5341adebec72ce302,32768,True,15844,15844,False,easy,8,uniform,0.2,0.2,0,7,0,7,0.0,15844,aborted,11,0,0,0,0,False,False,,,,,0,1,0,0,1,
uniform-n8-t20-o20-s10000,32000,c1_react__uniform-n8-t20-o20-s10000__cap32000__Qwen-Qwen3-32B-AWQ,c1_react,Qwen/Qwen3-32B-AWQ,d29b547529713e54dffbf3bc902f0007cbd3590d4a121b929fcea1b053a8bcd8,67d1c874261f59eb3c4a040113562e7693514235a20375a5341adebec72ce302,32768,True,31844,31844,False,easy,8,uniform,0.2,0.2,0,7,0,7,0.0,31844,aborted,16,0,0,0,0,False,False,,,,,0,1,0,0,1,
uniform-n8-t20-o20-s10000,64000,c1_react__uniform-n8-t20-o20-s10000__cap64000__Qwen-Qwen3-32B-AWQ,c1_react,Qwen/Qwen3-32B-AWQ,d29b547529713e54dffbf3bc902f0007cbd3590d4a121b929fcea1b053a8bcd8,67d1c874261f59eb3c4a040113562e7693514235a20375a5341adebec72ce302,32768,True,51849,51849,False,easy,8,uniform,0.2,0.2,0,7,5,2,0.7142857142857143,51849,agent_finish,20,1,1,1,1,True,True,0,0,47812,47812,15,0,0,15,0,
uniform-n8-t20-o20-s10000,8000,c1_react__uniform-n8-t20-o20-s10000__cap8000__Qwen-Qwen3-32B-AWQ,c1_react,Qwen/Qwen3-32B-AWQ,d29b547529713e54dffbf3bc902f0007cbd3590d4a121b929fcea1b053a8bcd8,67d1c874261f59eb3c4a040113562e7693514235a20375a5341adebec72ce302,32768,True,7401,7401,False,easy,8,uniform,0.2,0.2,0,7,0,7,0.0,7401,budget,6,0,0,0,0,False,False,,,,,0,0,0,0,0,
uniform-n8-t85-o20-s10000,16000,c1_react__uniform-n8-t85-o20-s10000__cap16000__Qwen-Qwen3-32B-AWQ,c1_react,Qwen/Qwen3-32B-AWQ,d29b547529713e54dffbf3bc902f0007cbd3590d4a121b929fcea1b053a8bcd8,67d1c874261f59eb3c4a040113562e7693514235a20375a5341adebec72ce302,32768,True,15844,15844,False,medium,8,uniform,0.85,0.2,3,5,0,5,0.0,15844,aborted,13,0,0,0,0,False,False,,,,,0,1,0,0,1,
uniform-n8-t85-o20-s10000,32000,c1_react__uniform-n8-t85-o20-s10000__cap32000__Qwen-Qwen3-32B-AWQ,c1_react,Qwen/Qwen3-32B-AWQ,d29b547529713e54dffbf3bc902f0007cbd3590d4a121b929fcea1b053a8bcd8,67d1c874261f59eb3c4a040113562e7693514235a20375a5341adebec72ce302,32768,True,22489,22489,False,medium,8,uniform,0.85,0.2,3,5,0,5,0.0,22489,agent_finish,14,1,1,0,0,False,False,,,,,0,0,0,0,0,travel_infeasible;window_violation
uniform-n8-t85-o20-s10000,64000,c1_react__uniform-n8-t85-o20-s10000__cap64000__Qwen-Qwen3-32B-AWQ,c1_react,Qwen/Qwen3-32B-AWQ,d29b547529713e54dffbf3bc902f0007cbd3590d4a121b929fcea1b053a8bcd8,67d1c874261f59eb3c4a040113562e7693514235a20375a5341adebec72ce302,32768,True,22489,22489,False,medium,8,uniform,0.85,0.2,3,5,0,5,0.0,22489,agent_finish,14,1,1,0,0,False,False,,,,,14,0,0,14,0,travel_infeasible;window_violation
uniform-n8-t85-o20-s10000,8000,c1_react__uniform-n8-t85-o20-s10000__cap8000__Qwen-Qwen3-32B-AWQ,c1_react,Qwen/Qwen3-32B-AWQ,d29b547529713e54dffbf3bc902f0007cbd3590d4a121b929fcea1b053a8bcd8,67d1c874261f59eb3c4a040113562e7693514235a20375a5341adebec72ce302,32768,True,7680,7680,False,medium,8,uniform,0.85,0.2,3,5,0,5,0.0,7680,budget,8,0,0,0,0,False,False,,,,,0,0,0,0,0,
