run_id,instance_id,condition,cap,attempt_index,role,step,n_meetings,parsed,valid,accepted_into_best_plan,reasons
c1_react__clustered-n4-t100-o20-s10005__cap16000__Qwen-Qwen3-32B-AWQ,clustered-n4-t100-o20-s10005,c1_react,16000,0,react_step,8,3,True,True,True,
c1_react__clustered-n4-t100-o20-s10005__cap32000__Qwen-Qwen3-32B-AWQ,clustered-n4-t100-o20-s10005,c1_react,32000,0,react_step,8,3,True,True,True,
c1_react__clustered-n4-t100-o20-s10005__cap64000__Qwen-Qwen3-32B-AWQ,clustered-n4-t100-o20-s10005,c1_react,64000,0,react_step,8,3,True,True,True,
c1_react__clustered-n4-t100-o80-s10005__cap32000__Qwen-Qwen3-32B-AWQ,clustered-n4-t100-o80-s10005,c1_react,32000,0,react_step,8,2,True,True,True,
c1_react__clustered-n4-t100-o80-s10005__cap64000__Qwen-Qwen3-32B-AWQ,clustered-n4-t100-o80-s10005,c1_react,64000,0,react_step,8,2,True,True,True,
c1_react__clustered-n4-t20-o80-s10005__cap32000__Qwen-Qwen3-32B-AWQ,clustered-n4-t20-o80-s10005,c1_react,32000,0,react_step,13,4,True,True,True,
c1_react__clustered-n4-t20-o80-s10005__cap64000__Qwen-Qwen3-32B-AWQ,clustered-n4-t20-o80-s10005,c1_react,64000,0,react_step,13,4,True,True,True,
c1_react__clustered-n6-t100-o20-s10005__cap64000__Qwen-Qwen3-32B-AWQ,clustered-n6-t100-o20-s10005,c1_react,64000,0,react_step,13,3,True,False,False,travel_infeasible
c1_react__clustered-n6-t100-o20-s10005__cap64000__Qwen-Qwen3-32B-AWQ,clustered-n6-t100-o20-s10005,c1_react,64000,1,react_step,15,3,True,False,False,travel_infeasible;window_violation
c1_react__clustered-n6-t100-o20-s10007__cap32000__Qwen-Qwen3-32B-AWQ,clustered-n6-t100-o20-s10007,c1_react,32000,0,react_step,12,3,True,True,True,
c1_react__clustered-n6-t100-o20-s10007__cap64000__Qwen-Qwen3-32B-AWQ,clustered-n6-t100-o20-s10007,c1_react,64000,0,react_step,12,3,True,True,True,
c1_react__clustered-n6-t100-o80-s10005__cap64000__Qwen-Qwen3-32B-AWQ,clustered-n6-t100-o80-s10005,c1_react,64000,0,react_step,14,2,True,False,False,travel_infeasible
c1_react__clustered-n6-t100-o80-s10006__cap32000__Qwen-Qwen3-32B-AWQ,clustered-n6-t100-o80-s10006,c1_react,32000,0,react_step,11,4,True,False,False,travel_infeasible;window_violation
c1_react__clustered-n6-t100-o80-s10006__cap64000__Qwen-Qwen3-32B-AWQ,clustered-n6-t100-o80-s10006,c1_react,64000,0,react_step,11,4,True,False,False,travel_infeasible;window_violation
c1_react__clustered-n6-t100-o80-s10006__cap64000__Qwen-Qwen3-32B-AWQ,clustered-n6-t100-o80-s10006,c1_react,64000,1,react_step,14,2,True,True,True,
c1_react__clustered-n6-t20-o20-s10005__cap32000__Qwen-Qwen3-32B-AWQ,clustered-n6-t20-o20-s10005,c1_react,32000,0,react_step,12,6,True,False,False,travel_infeasible;window_violation
c1_react__clustered-n6-t20-o20-s10005__cap64000__Qwen-Qwen3-32B-AWQ,clustered-n6-t20-o20-s10005,c1_react,64000,0,react_step,12,6,True,False,False,travel_infeasible;window_violation
c1_react__clustered-n6-t20-o20-s10005__cap64000__Qwen-Qwen3-32B-AWQ,clustered-n6-t20-o20-s10005,c1_react,64000,1,react_step,16,4,True,True,True,
c1_react__clustered-n6-t20-o20-s10005__cap64000__Qwen-Qwen3-32B-AWQ,clustered-n6-t20-o20-s10005,c1_react,64000,2,react_step,18,5,True,True,True,
c1_react__clustered-n6-t20-o80-s10005__cap32000__Qwen-Qwen3-32B-AWQ,clustered-n6-t20-o80-s10005,c1_react,32000,0,react_step,12,5,True,False,False,window_violation
c1_react__clustered-n6-t20-o80-s10005__cap64000__Qwen-Qwen3-32B-AWQ,clustered-n6-t20-o80-s10005,c1_react,64000,0,react_step,12,5,True,False,False,window_violation
c1_react__clustered-n6-t85-o20-s10005__cap16000__Qwen-Qwen3-32B-AWQ,clustered-n6-t85-o20-s10005,c1_react,16000,0,react_step,8,6,True,False,False,travel_infeasible
c1_react__clustered-n6-t85-o20-s10005__cap32000__Qwen-Qwen3-32B-AWQ,clustered-n6-t85-o20-s10005,c1_react,32000,0,react_step,8,6,True,False,False,travel_infeasible
c1_react__clustered-n6-t85-o20-s10005__cap32000__Qwen-Qwen3-32B-AWQ,clustered-n6-t85-o20-s10005,c1_react,32000,1,react_step,12,5,True,False,False,travel_infeasible
c1_react__clustered-n6-t85-o20-s10005__cap64000__Qwen-Qwen3-32B-AWQ,clustered-n6-t85-o20-s10005,c1_react,64000,0,react_step,8,6,True,False,False,travel_infeasible
c1_react__clustered-n6-t85-o20-s10005__cap64000__Qwen-Qwen3-32B-AWQ,clustered-n6-t85-o20-s10005,c1_react,64000,1,react_step,12,5,True,False,False,travel_infeasible
c1_react__clustered-n8-t100-o20-s10005__cap64000__Qwen-Qwen3-32B-AWQ,clustered-n8-t100-o20-s10005,c1_react,64000,0,react_step,17,4,True,False,False,window_violation
c1_react__clustered-n8-t100-o20-s10005__cap64000__Qwen-Qwen3-32B-AWQ,clustered-n8-t100-o20-s10005,c1_react,64000,1,react_step,19,4,True,True,True,
c1_react__clustered-n8-t100-o20-s10005__cap64000__Qwen-Qwen3-32B-AWQ,clustered-n8-t100-o20-s10005,c1_react,64000,2,react_step,21,4,True,True,False,
c1_react__clustered-n8-t100-o80-s10005__cap64000__Qwen-Qwen3-32B-AWQ,clustered-n8-t100-o80-s10005,c1_react,64000,0,react_step,15,2,True,True,True,
c1_react__clustered-n8-t20-o20-s10005__cap32000__Qwen-Qwen3-32B-AWQ,clustered-n8-t20-o20-s10005,c1_react,32000,0,react_step,17,4,True,True,True,
c1_react__clustered-n8-t20-o20-s10005__cap64000__Qwen-Qwen3-32B-AWQ,clustered-n8-t20-o20-s10005,c1_react,64000,0,react_step,17,4,True,True,True,
c1_react__clustered-n8-t85-o20-s10005__cap64000__Qwen-Qwen3-32B-AWQ,clustered-n8-t85-o20-s10005,c1_react,64000,0,react_step,14,4,True,False,False,window_violation
c1_react__clustered-n8-t85-o20-s10005__cap64000__Qwen-Qwen3-32B-AWQ,clustered-n8-t85-o20-s10005,c1_react,64000,1,react_step,18,6,True,False,False,travel_infeasible;window_violation
c1_react__clustered-n8-t85-o20-s10005__cap64000__Qwen-Qwen3-32B-AWQ,clustered-n8-t85-o20-s10005,c1_react,64000,2,react_step,21,7,True,False,False,travel_infeasible;window_violation
c1_react__uniform-n4-t100-o20-s10005__cap16000__Qwen-Qwen3-32B-AWQ,uniform-n4-t100-o20-s10005,c1_react,16000,0,react_step,8,3,True,True,True,
c1_react__uniform-n4-t100-o20-s10005__cap32000__Qwen-Qwen3-32B-AWQ,uniform-n4-t100-o20-s10005,c1_react,32000,0,react_step,8,3,True,True,True,
c1_react__uniform-n4-t100-o20-s10005__cap64000__Qwen-Qwen3-32B-AWQ,uniform-n4-t100-o20-s10005,c1_react,64000,0,react_step,8,3,True,True,True,
c1_react__uniform-n4-t100-o80-s10005__cap32000__Qwen-Qwen3-32B-AWQ,uniform-n4-t100-o80-s10005,c1_react,32000,0,react_step,9,2,True,False,False,travel_infeasible
c1_react__uniform-n4-t100-o80-s10005__cap64000__Qwen-Qwen3-32B-AWQ,uniform-n4-t100-o80-s10005,c1_react,64000,0,react_step,9,2,True,False,False,travel_infeasible
c1_react__uniform-n4-t20-o80-s10005__cap16000__Qwen-Qwen3-32B-AWQ,uniform-n4-t20-o80-s10005,c1_react,16000,0,react_step,9,4,True,False,False,travel_infeasible
c1_react__uniform-n4-t20-o80-s10005__cap32000__Qwen-Qwen3-32B-AWQ,uniform-n4-t20-o80-s10005,c1_react,32000,0,react_step,9,4,True,False,False,travel_infeasible
c1_react__uniform-n4-t20-o80-s10005__cap32000__Qwen-Qwen3-32B-AWQ,uniform-n4-t20-o80-s10005,c1_react,32000,1,react_step,13,4,True,True,True,
c1_react__uniform-n4-t20-o80-s10005__cap64000__Qwen-Qwen3-32B-AWQ,uniform-n4-t20-o80-s10005,c1_react,64000,0,react_step,9,4,True,False,False,travel_infeasible
c1_react__uniform-n4-t20-o80-s10005__cap64000__Qwen-Qwen3-32B-AWQ,uniform-n4-t20-o80-s10005,c1_react,64000,1,react_step,13,4,True,True,True,
c1_react__uniform-n6-t100-o20-s10005__cap32000__Qwen-Qwen3-32B-AWQ,uniform-n6-t100-o20-s10005,c1_react,32000,0,react_step,9,3,True,False,False,window_violation
c1_react__uniform-n6-t100-o20-s10005__cap32000__Qwen-Qwen3-32B-AWQ,uniform-n6-t100-o20-s10005,c1_react,32000,1,react_step,13,3,True,True,True,
c1_react__uniform-n6-t100-o20-s10005__cap64000__Qwen-Qwen3-32B-AWQ,uniform-n6-t100-o20-s10005,c1_react,64000,0,react_step,9,3,True,False,False,window_violation
c1_react__uniform-n6-t100-o20-s10005__cap64000__Qwen-Qwen3-32B-AWQ,uniform-n6-t100-o20-s10005,c1_react,64000,1,react_step,13,3,True,True,True,
c1_react__uniform-n6-t100-o20-s10006__cap64000__Qwen-Qwen3-32B-AWQ,uniform-n6-t100-o20-s10006,c1_react,64000,0,react_step,13,4,True,False,False,travel_infeasible
c1_react__uniform-n6-t100-o80-s10005__cap32000__Qwen-Qwen3-32B-AWQ,uniform-n6-t100-o80-s10005,c1_react,32000,0,react_step,8,4,True,False,False,travel_infeasible;window_violation
c1_react__uniform-n6-t100-o80-s10005__cap64000__Qwen-Qwen3-32B-AWQ,uniform-n6-t100-o80-s10005,c1_react,64000,0,react_step,8,4,True,False,False,travel_infeasible;window_violation
c1_react__uniform-n6-t100-o80-s10005__cap64000__Qwen-Qwen3-32B-AWQ,uniform-n6-t100-o80-s10005,c1_react,64000,1,react_step,14,1,True,True,True,
c1_react__uniform-n6-t100-o80-s10006__cap64000__Qwen-Qwen3-32B-AWQ,uniform-n6-t100-o80-s10006,c1_react,64000,0,react_step,12,2,True,False,False,travel_infeasible
c1_react__uniform-n6-t20-o20-s10005__cap32000__Qwen-Qwen3-32B-AWQ,uniform-n6-t20-o20-s10005,c1_react,32000,0,react_step,12,6,True,False,False,travel_infeasible
c1_react__uniform-n6-t20-o20-s10005__cap64000__Qwen-Qwen3-32B-AWQ,uniform-n6-t20-o20-s10005,c1_react,64000,0,react_step,12,6,True,False,False,travel_infeasible
c1_react__uniform-n6-t20-o80-s10005__cap32000__Qwen-Qwen3-32B-AWQ,uniform-n6-t20-o80-s10005,c1_react,32000,0,react_step,13,6,True,False,False,travel_infeasible
c1_react__uniform-n6-t20-o80-s10005__cap64000__Qwen-Qwen3-32B-AWQ,uniform-n6-t20-o80-s10005,c1_react,64000,0,react_step,13,6,True,False,False,travel_infeasible
c1_react__uniform-n6-t85-o20-s10005__cap16000__Qwen-Qwen3-32B-AWQ,uniform-n6-t85-o20-s10005,c1_react,16000,0,react_step,8,6,True,False,False,travel_infeasible
c1_react__uniform-n6-t85-o20-s10005__cap32000__Qwen-Qwen3-32B-AWQ,uniform-n6-t85-o20-s10005,c1_react,32000,0,react_step,8,6,True,False,False,travel_infeasible
c1_react__uniform-n6-t85-o20-s10005__cap64000__Qwen-Qwen3-32B-AWQ,uniform-n6-t85-o20-s10005,c1_react,64000,0,react_step,8,6,True,False,False,travel_infeasible
c1_react__uniform-n6-t85-o20-s10005__cap64000__Qwen-Qwen3-32B-AWQ,uniform-n6-t85-o20-s10005,c1_react,64000,1,react_step,15,4,True,False,False,travel_infeasible
c1_react__uniform-n8-t100-o20-s10005__cap64000__Qwen-Qwen3-32B-AWQ,uniform-n8-t100-o20-s10005,c1_react,64000,0,react_step,18,3,True,True,True,
c1_react__uniform-n8-t100-o80-s10005__cap32000__Qwen-Qwen3-32B-AWQ,uniform-n8-t100-o80-s10005,c1_react,32000,0,react_step,13,2,True,False,False,travel_infeasible
c1_react__uniform-n8-t100-o80-s10005__cap64000__Qwen-Qwen3-32B-AWQ,uniform-n8-t100-o80-s10005,c1_react,64000,0,react_step,13,2,True,False,False,travel_infeasible
c1_react__uniform-n8-t20-o20-s10005__cap32000__Qwen-Qwen3-32B-AWQ,uniform-n8-t20-o20-s10005,c1_react,32000,0,react_step,12,4,True,False,False,travel_infeasible
c1_react__uniform-n8-t20-o20-s10005__cap64000__Qwen-Qwen3-32B-AWQ,uniform-n8-t20-o20-s10005,c1_react,64000,0,react_step,12,4,True,False,False,travel_infeasible
c1_react__uniform-n8-t20-o20-s10005__cap64000__Qwen-Qwen3-32B-AWQ,uniform-n8-t20-o20-s10005,c1_react,64000,1,react_step,21,7,True,False,False,travel_infeasible
c1_react__uniform-n8-t85-o20-s10005__cap32000__Qwen-Qwen3-32B-AWQ,uniform-n8-t85-o20-s10005,c1_react,32000,0,react_step,10,6,True,False,False,travel_infeasible;window_violation
c1_react__uniform-n8-t85-o20-s10005__cap64000__Qwen-Qwen3-32B-AWQ,uniform-n8-t85-o20-s10005,c1_react,64000,0,react_step,10,6,True,False,False,travel_infeasible;window_violation
c1_react__uniform-n8-t85-o20-s10005__cap64000__Qwen-Qwen3-32B-AWQ,uniform-n8-t85-o20-s10005,c1_react,64000,1,react_step,15,7,True,False,False,overlapping_meeting;travel_infeasible
c2_verify_revise__clustered-n4-t100-o20-s10005__cap16000__Qwen-Qwen3-32B-AWQ,clustered-n4-t100-o20-s10005,c2_verify_revise,16000,0,react_step,8,3,True,True,True,
c2_verify_revise__clustered-n4-t100-o20-s10005__cap32000__Qwen-Qwen3-32B-AWQ,clustered-n4-t100-o20-s10005,c2_verify_revise,32000,0,react_step,8,3,True,True,True,
c2_verify_revise__clustered-n4-t100-o20-s10005__cap32000__Qwen-Qwen3-32B-AWQ,clustered-n4-t100-o20-s10005,c2_verify_revise,32000,1,revise,11,3,True,True,False,
c2_verify_revise__clustered-n4-t100-o20-s10005__cap64000__Qwen-Qwen3-32B-AWQ,clustered-n4-t100-o20-s10005,c2_verify_revise,64000,0,react_step,8,3,True,True,True,
c2_verify_revise__clustered-n4-t100-o20-s10005__cap64000__Qwen-Qwen3-32B-AWQ,clustered-n4-t100-o20-s10005,c2_verify_revise,64000,1,revise,11,3,True,True,False,
c2_verify_revise__clustered-n4-t100-o20-s10005__cap64000__Qwen-Qwen3-32B-AWQ,clustered-n4-t100-o20-s10005,c2_verify_revise,64000,2,revise,11,3,True,True,False,
c2_verify_revise__clustered-n4-t100-o80-s10005__cap32000__Qwen-Qwen3-32B-AWQ,clustered-n4-t100-o80-s10005,c2_verify_revise,32000,0,react_step,8,2,True,True,True,
c2_verify_revise__clustered-n4-t100-o80-s10005__cap64000__Qwen-Qwen3-32B-AWQ,clustered-n4-t100-o80-s10005,c2_verify_revise,64000,0,react_step,8,2,True,True,True,
c2_verify_revise__clustered-n4-t100-o80-s10005__cap64000__Qwen-Qwen3-32B-AWQ,clustered-n4-t100-o80-s10005,c2_verify_revise,64000,1,revise,11,2,True,True,False,
c2_verify_revise__clustered-n4-t100-o80-s10005__cap64000__Qwen-Qwen3-32B-AWQ,clustered-n4-t100-o80-s10005,c2_verify_revise,64000,2,revise,11,2,True,True,False,
c2_verify_revise__clustered-n4-t20-o20-s10005__cap32000__Qwen-Qwen3-32B-AWQ,clustered-n4-t20-o20-s10005,c2_verify_revise,32000,0,revise,7,4,True,False,False,travel_infeasible
c2_verify_revise__clustered-n4-t20-o20-s10005__cap32000__Qwen-Qwen3-32B-AWQ,clustered-n4-t20-o20-s10005,c2_verify_revise,32000,1,revise,7,4,True,False,False,travel_infeasible
c2_verify_revise__clustered-n4-t20-o20-s10005__cap64000__Qwen-Qwen3-32B-AWQ,clustered-n4-t20-o20-s10005,c2_verify_revise,64000,0,revise,7,4,True,False,False,travel_infeasible
c2_verify_revise__clustered-n4-t20-o20-s10005__cap64000__Qwen-Qwen3-32B-AWQ,clustered-n4-t20-o20-s10005,c2_verify_revise,64000,1,revise,7,4,True,False,False,travel_infeasible
c2_verify_revise__clustered-n4-t20-o80-s10005__cap32000__Qwen-Qwen3-32B-AWQ,clustered-n4-t20-o80-s10005,c2_verify_revise,32000,0,react_step,13,4,True,True,True,
c2_verify_revise__clustered-n4-t20-o80-s10005__cap32000__Qwen-Qwen3-32B-AWQ,clustered-n4-t20-o80-s10005,c2_verify_revise,32000,1,revise,14,4,True,True,False,
c2_verify_revise__clustered-n4-t20-o80-s10005__cap32000__Qwen-Qwen3-32B-AWQ,clustered-n4-t20-o80-s10005,c2_verify_revise,32000,2,revise,14,4,True,True,False,
c2_verify_revise__clustered-n4-t20-o80-s10005__cap64000__Qwen-Qwen3-32B-AWQ,clustered-n4-t20-o80-s10005,c2_verify_revise,64000,0,react_step,13,4,True,True,True,
c2_verify_revise__clustered-n4-t20-o80-s10005__cap64000__Qwen-Qwen3-32B-AWQ,clustered-n4-t20-o80-s10005,c2_verify_revise,64000,1,revise,14,4,True,True,False,
c2_verify_revise__clustered-n4-t20-o80-s10005__cap64000__Qwen-Qwen3-32B-AWQ,clustered-n4-t20-o80-s10005,c2_verify_revise,64000,2,revise,14,4,True,True,False,
c2_verify_revise__clustered-n6-t100-o20-s10005__cap64000__Qwen-Qwen3-32B-AWQ,clustered-n6-t100-o20-s10005,c2_verify_revise,64000,0,react_step,13,3,True,False,False,travel_infeasible
c2_verify_revise__clustered-n6-t100-o20-s10005__cap64000__Qwen-Qwen3-32B-AWQ,clustered-n6-t100-o20-s10005,c2_verify_revise,64000,1,react_step,15,3,True,False,False,travel_infeasible;window_violation
c2_verify_revise__clustered-n6-t100-o20-s10005__cap64000__Qwen-Qwen3-32B-AWQ,clustered-n6-t100-o20-s10005,c2_verify_revise,64000,2,revise,16,2,True,True,True,
c2_verify_revise__clustered-n6-t100-o20-s10007__cap32000__Qwen-Qwen3-32B-AWQ,clustered-n6-t100-o20-s10007,c2_verify_revise,32000,0,react_step,12,3,True,True,True,
c2_verify_revise__clustered-n6-t100-o20-s10007__cap64000__Qwen-Qwen3-32B-AWQ,clustered-n6-t100-o20-s10007,c2_verify_revise,64000,0,react_step,12,3,True,True,True,
c2_verify_revise__clustered-n6-t100-o20-s10007__cap64000__Qwen-Qwen3-32B-AWQ,clustered-n6-t100-o20-s10007,c2_verify_revise,64000,1,revise,13,3,True,True,False,
c2_verify_revise__clustered-n6-t100-o20-s10007__cap64000__Qwen-Qwen3-32B-AWQ,clustered-n6-t100-o20-s10007,c2_verify_revise,64000,2,revise,13,3,True,True,False,
c2_verify_revise__clustered-n6-t100-o80-s10005__cap64000__Qwen-Qwen3-32B-AWQ,clustered-n6-t100-o80-s10005,c2_verify_revise,64000,0,react_step,14,2,True,False,False,travel_infeasible
c2_verify_revise__clustered-n6-t100-o80-s10005__cap64000__Qwen-Qwen3-32B-AWQ,clustered-n6-t100-o80-s10005,c2_verify_revise,64000,1,revise,15,2,True,False,False,travel_infeasible
c2_verify_revise__clustered-n6-t100-o80-s10006__cap32000__Qwen-Qwen3-32B-AWQ,clustered-n6-t100-o80-s10006,c2_verify_revise,32000,0,react_step,11,4,True,False,False,travel_infeasible;window_violation
c2_verify_revise__clustered-n6-t100-o80-s10006__cap64000__Qwen-Qwen3-32B-AWQ,clustered-n6-t100-o80-s10006,c2_verify_revise,64000,0,react_step,11,4,True,False,False,travel_infeasible;window_violation
c2_verify_revise__clustered-n6-t100-o80-s10006__cap64000__Qwen-Qwen3-32B-AWQ,clustered-n6-t100-o80-s10006,c2_verify_revise,64000,1,react_step,14,2,True,True,True,
c2_verify_revise__clustered-n6-t100-o80-s10006__cap64000__Qwen-Qwen3-32B-AWQ,clustered-n6-t100-o80-s10006,c2_verify_revise,64000,2,revise,15,2,True,True,False,
c2_verify_revise__clustered-n6-t100-o80-s10006__cap64000__Qwen-Qwen3-32B-AWQ,clustered-n6-t100-o80-s10006,c2_verify_revise,64000,3,revise,15,2,True,True,False,
c2_verify_revise__clustered-n6-t20-o20-s10005__cap32000__Qwen-Qwen3-32B-AWQ,clustered-n6-t20-o20-s10005,c2_verify_revise,32000,0,react_step,12,6,True,False,False,travel_infeasible;window_violation
c2_verify_revise__clustered-n6-t20-o20-s10005__cap64000__Qwen-Qwen3-32B-AWQ,clustered-n6-t20-o20-s10005,c2_verify_revise,64000,0,react_step,12,6,True,False,False,travel_infeasible;window_violation
c2_verify_revise__clustered-n6-t20-o20-s10005__cap64000__Qwen-Qwen3-32B-AWQ,clustered-n6-t20-o20-s10005,c2_verify_revise,64000,1,react_step,16,4,True,True,True,
c2_verify_revise__clustered-n6-t20-o20-s10005__cap64000__Qwen-Qwen3-32B-AWQ,clustered-n6-t20-o20-s10005,c2_verify_revise,64000,2,react_step,18,5,True,True,True,
c2_verify_revise__clustered-n6-t20-o20-s10005__cap64000__Qwen-Qwen3-32B-AWQ,clustered-n6-t20-o20-s10005,c2_verify_revise,64000,3,revise,19,5,True,True,False,
c2_verify_revise__clustered-n6-t20-o20-s10005__cap64000__Qwen-Qwen3-32B-AWQ,clustered-n6-t20-o20-s10005,c2_verify_revise,64000,4,revise,19,5,True,True,False,
c2_verify_revise__clustered-n6-t20-o80-s10005__cap32000__Qwen-Qwen3-32B-AWQ,clustered-n6-t20-o80-s10005,c2_verify_revise,32000,0,react_step,12,5,True,False,False,window_violation
c2_verify_revise__clustered-n6-t20-o80-s10005__cap64000__Qwen-Qwen3-32B-AWQ,clustered-n6-t20-o80-s10005,c2_verify_revise,64000,0,react_step,12,5,True,False,False,window_violation
c2_verify_revise__clustered-n6-t85-o20-s10005__cap16000__Qwen-Qwen3-32B-AWQ,clustered-n6-t85-o20-s10005,c2_verify_revise,16000,0,react_step,8,6,True,False,False,travel_infeasible
c2_verify_revise__clustered-n6-t85-o20-s10005__cap32000__Qwen-Qwen3-32B-AWQ,clustered-n6-t85-o20-s10005,c2_verify_revise,32000,0,react_step,8,6,True,False,False,travel_infeasible
c2_verify_revise__clustered-n6-t85-o20-s10005__cap32000__Qwen-Qwen3-32B-AWQ,clustered-n6-t85-o20-s10005,c2_verify_revise,32000,1,react_step,12,5,True,False,False,travel_infeasible
c2_verify_revise__clustered-n6-t85-o20-s10005__cap64000__Qwen-Qwen3-32B-AWQ,clustered-n6-t85-o20-s10005,c2_verify_revise,64000,0,react_step,8,6,True,False,False,travel_infeasible
c2_verify_revise__clustered-n6-t85-o20-s10005__cap64000__Qwen-Qwen3-32B-AWQ,clustered-n6-t85-o20-s10005,c2_verify_revise,64000,1,react_step,12,5,True,False,False,travel_infeasible
c2_verify_revise__clustered-n6-t85-o20-s10005__cap64000__Qwen-Qwen3-32B-AWQ,clustered-n6-t85-o20-s10005,c2_verify_revise,64000,2,revise,13,6,True,False,False,travel_infeasible
c2_verify_revise__clustered-n6-t85-o20-s10005__cap64000__Qwen-Qwen3-32B-AWQ,clustered-n6-t85-o20-s10005,c2_verify_revise,64000,3,revise,13,6,True,False,False,travel_infeasible;window_violation
c2_verify_revise__clustered-n8-t100-o20-s10005__cap64000__Qwen-Qwen3-32B-AWQ,clustered-n8-t100-o20-s10005,c2_verify_revise,64000,0,react_step,17,4,True,False,False,window_violation
c2_verify_revise__clustered-n8-t100-o20-s10005__cap64000__Qwen-Qwen3-32B-AWQ,clustered-n8-t100-o20-s10005,c2_verify_revise,64000,1,react_step,19,4,True,True,True,
c2_verify_revise__clustered-n8-t100-o20-s10005__cap64000__Qwen-Qwen3-32B-AWQ,clustered-n8-t100-o20-s10005,c2_verify_revise,64000,2,react_step,21,4,True,True,False,
c2_verify_revise__clustered-n8-t100-o80-s10005__cap64000__Qwen-Qwen3-32B-AWQ,clustered-n8-t100-o80-s10005,c2_verify_revise,64000,0,react_step,15,2,True,True,True,
c2_verify_revise__clustered-n8-t100-o80-s10005__cap64000__Qwen-Qwen3-32B-AWQ,clustered-n8-t100-o80-s10005,c2_verify_revise,64000,1,revise,16,3,True,False,False,overlapping_meeting;window_violation
c2_verify_revise__clustered-n8-t100-o80-s10005__cap64000__Qwen-Qwen3-32B-AWQ,clustered-n8-t100-o80-s10005,c2_verify_revise,64000,2,revise,16,2,True,True,False,
c2_verify_revise__clustered-n8-t20-o20-s10005__cap32000__Qwen-Qwen3-32B-AWQ,clustered-n8-t20-o20-s10005,c2_verify_revise,32000,0,react_step,17,4,True,True,True,
c2_verify_revise__clustered-n8-t20-o20-s10005__cap64000__Qwen-Qwen3-32B-AWQ,clustered-n8-t20-o20-s10005,c2_verify_revise,64000,0,react_step,17,4,True,True,True,
c2_verify_revise__clustered-n8-t20-o20-s10005__cap64000__Qwen-Qwen3-32B-AWQ,clustered-n8-t20-o20-s10005,c2_verify_revise,64000,1,revise,18,5,True,False,False,window_violation
c2_verify_revise__clustered-n8-t20-o20-s10005__cap64000__Qwen-Qwen3-32B-AWQ,clustered-n8-t20-o20-s10005,c2_verify_revise,64000,2,revise,18,4,True,True,False,
c2_verify_revise__clustered-n8-t85-o20-s10005__cap64000__Qwen-Qwen3-32B-AWQ,clustered-n8-t85-o20-s10005,c2_verify_revise,64000,0,react_step,14,4,True,False,False,window_violation
c2_verify_revise__clustered-n8-t85-o20-s10005__cap64000__Qwen-Qwen3-32B-AWQ,clustered-n8-t85-o20-s10005,c2_verify_revise,64000,1,react_step,18,6,True,False,False,travel_infeasible;window_violation
c2_verify_revise__clustered-n8-t85-o20-s10005__cap64000__Qwen-Qwen3-32B-AWQ,clustered-n8-t85-o20-s10005,c2_verify_revise,64000,2,react_step,21,7,True,False,False,travel_infeasible;window_violation
c2_verify_revise__uniform-n4-t100-o20-s10005__cap16000__Qwen-Qwen3-32B-AWQ,uniform-n4-t100-o20-s10005,c2_verify_revise,16000,0,react_step,8,3,True,True,True,
c2_verify_revise__uniform-n4-t100-o20-s10005__cap32000__Qwen-Qwen3-32B-AWQ,uniform-n4-t100-o20-s10005,c2_verify_revise,32000,0,react_step,8,3,True,True,True,
c2_verify_revise__uniform-n4-t100-o20-s10005__cap64000__Qwen-Qwen3-32B-AWQ,uniform-n4-t100-o20-s10005,c2_verify_revise,64000,0,react_step,8,3,True,True,True,
c2_verify_revise__uniform-n4-t100-o20-s10005__cap64000__Qwen-Qwen3-32B-AWQ,uniform-n4-t100-o20-s10005,c2_verify_revise,64000,1,revise,10,3,True,True,False,
c2_verify_revise__uniform-n4-t100-o20-s10005__cap64000__Qwen-Qwen3-32B-AWQ,uniform-n4-t100-o20-s10005,c2_verify_revise,64000,2,revise,10,3,True,True,False,
c2_verify_revise__uniform-n4-t100-o80-s10005__cap32000__Qwen-Qwen3-32B-AWQ,uniform-n4-t100-o80-s10005,c2_verify_revise,32000,0,react_step,9,2,True,False,False,travel_infeasible
c2_verify_revise__uniform-n4-t100-o80-s10005__cap64000__Qwen-Qwen3-32B-AWQ,uniform-n4-t100-o80-s10005,c2_verify_revise,64000,0,react_step,9,2,True,False,False,travel_infeasible
c2_verify_revise__uniform-n4-t100-o80-s10005__cap64000__Qwen-Qwen3-32B-AWQ,uniform-n4-t100-o80-s10005,c2_verify_revise,64000,1,revise,12,1,True,True,True,
c2_verify_revise__uniform-n4-t20-o20-s10005__cap32000__Qwen-Qwen3-32B-AWQ,uniform-n4-t20-o20-s10005,c2_verify_revise,32000,0,revise,7,4,True,False,False,travel_infeasible
c2_verify_revise__uniform-n4-t20-o20-s10005__cap32000__Qwen-Qwen3-32B-AWQ,uniform-n4-t20-o20-s10005,c2_verify_revise,32000,1,revise,7,4,True,False,False,travel_infeasible
c2_verify_revise__uniform-n4-t20-o20-s10005__cap64000__Qwen-Qwen3-32B-AWQ,uniform-n4-t20-o20-s10005,c2_verify_revise,64000,0,revise,7,4,True,False,False,travel_infeasible
c2_verify_revise__uniform-n4-t20-o20-s10005__cap64000__Qwen-Qwen3-32B-AWQ,uniform-n4-t20-o20-s10005,c2_verify_revise,64000,1,revise,7,4,True,False,False,travel_infeasible
c2_verify_revise__uniform-n4-t20-o80-s10005__cap16000__Qwen-Qwen3-32B-AWQ,uniform-n4-t20-o80-s10005,c2_verify_revise,16000,0,react_step,9,4,True,False,False,travel_infeasible
c2_verify_revise__uniform-n4-t20-o80-s10005__cap32000__Qwen-Qwen3-32B-AWQ,uniform-n4-t20-o80-s10005,c2_verify_revise,32000,0,react_step,9,4,True,False,False,travel_infeasible
c2_verify_revise__uniform-n4-t20-o80-s10005__cap32000__Qwen-Qwen3-32B-AWQ,uniform-n4-t20-o80-s10005,c2_verify_revise,32000,1,react_step,13,4,True,True,True,
c2_verify_revise__uniform-n4-t20-o80-s10005__cap32000__Qwen-Qwen3-32B-AWQ,uniform-n4-t20-o80-s10005,c2_verify_revise,32000,2,revise,14,4,True,True,False,
c2_verify_revise__uniform-n4-t20-o80-s10005__cap64000__Qwen-Qwen3-32B-AWQ,uniform-n4-t20-o80-s10005,c2_verify_revise,64000,0,react_step,9,4,True,False,False,travel_infeasible
c2_verify_revise__uniform-n4-t20-o80-s10005__cap64000__Qwen-Qwen3-32B-AWQ,uniform-n4-t20-o80-s10005,c2_verify_revise,64000,1,react_step,13,4,True,True,True,
c2_verify_revise__uniform-n4-t20-o80-s10005__cap64000__Qwen-Qwen3-32B-AWQ,uniform-n4-t20-o80-s10005,c2_verify_revise,64000,2,revise,14,4,True,True,False,
c2_verify_revise__uniform-n4-t20-o80-s10005__cap64000__Qwen-Qwen3-32B-AWQ,uniform-n4-t20-o80-s10005,c2_verify_revise,64000,3,revise,14,4,True,True,False,
c2_verify_revise__uniform-n6-t100-o20-s10005__cap32000__Qwen-Qwen3-32B-AWQ,uniform-n6-t100-o20-s10005,c2_verify_revise,32000,0,react_step,9,3,True,False,False,window_violation
c2_verify_revise__uniform-n6-t100-o20-s10005__cap32000__Qwen-Qwen3-32B-AWQ,uniform-n6-t100-o20-s10005,c2_verify_revise,32000,1,react_step,13,3,True,True,True,
c2_verify_revise__uniform-n6-t100-o20-s10005__cap64000__Qwen-Qwen3-32B-AWQ,uniform-n6-t100-o20-s10005,c2_verify_revise,64000,0,react_step,9,3,True,False,False,window_violation
c2_verify_revise__uniform-n6-t100-o20-s10005__cap64000__Qwen-Qwen3-32B-AWQ,uniform-n6-t100-o20-s10005,c2_verify_revise,64000,1,react_step,13,3,True,True,True,
c2_verify_revise__uniform-n6-t100-o20-s10005__cap64000__Qwen-Qwen3-32B-AWQ,uniform-n6-t100-o20-s10005,c2_verify_revise,64000,2,revise,15,3,True,True,False,
c2_verify_revise__uniform-n6-t100-o20-s10005__cap64000__Qwen-Qwen3-32B-AWQ,uniform-n6-t100-o20-s10005,c2_verify_revise,64000,3,revise,15,3,True,True,False,
c2_verify_revise__uniform-n6-t100-o20-s10006__cap64000__Qwen-Qwen3-32B-AWQ,uniform-n6-t100-o20-s10006,c2_verify_revise,64000,0,react_step,8,5,True,False,False,travel_infeasible;window_violation
c2_verify_revise__uniform-n6-t100-o20-s10006__cap64000__Qwen-Qwen3-32B-AWQ,uniform-n6-t100-o20-s10006,c2_verify_revise,64000,1,react_step,14,4,True,False,False,travel_infeasible
c2_verify_revise__uniform-n6-t100-o20-s10006__cap64000__Qwen-Qwen3-32B-AWQ,uniform-n6-t100-o20-s10006,c2_verify_revise,64000,2,revise,15,5,True,False,False,travel_infeasible;window_violation
c2_verify_revise__uniform-n6-t100-o20-s10006__cap64000__Qwen-Qwen3-32B-AWQ,uniform-n6-t100-o20-s10006,c2_verify_revise,64000,3,revise,15,4,True,False,False,travel_infeasible
c2_verify_revise__uniform-n6-t100-o80-s10005__cap32000__Qwen-Qwen3-32B-AWQ,uniform-n6-t100-o80-s10005,c2_verify_revise,32000,0,react_step,8,4,True,False,False,travel_infeasible;window_violation
c2_verify_revise__uniform-n6-t100-o80-s10005__cap64000__Qwen-Qwen3-32B-AWQ,uniform-n6-t100-o80-s10005,c2_verify_revise,64000,0,react_step,8,4,True,False,False,travel_infeasible;window_violation
c2_verify_revise__uniform-n6-t100-o80-s10005__cap64000__Qwen-Qwen3-32B-AWQ,uniform-n6-t100-o80-s10005,c2_verify_revise,64000,1,react_step,14,1,True,True,True,
c2_verify_revise__uniform-n6-t100-o80-s10005__cap64000__Qwen-Qwen3-32B-AWQ,uniform-n6-t100-o80-s10005,c2_verify_revise,64000,2,revise,15,1,True,True,False,
c2_verify_revise__uniform-n6-t100-o80-s10005__cap64000__Qwen-Qwen3-32B-AWQ,uniform-n6-t100-o80-s10005,c2_verify_revise,64000,3,revise,15,1,True,True,False,
c2_verify_revise__uniform-n6-t100-o80-s10006__cap64000__Qwen-Qwen3-32B-AWQ,uniform-n6-t100-o80-s10006,c2_verify_revise,64000,0,react_step,12,4,True,False,False,travel_infeasible;window_violation
c2_verify_revise__uniform-n6-t100-o80-s10006__cap64000__Qwen-Qwen3-32B-AWQ,uniform-n6-t100-o80-s10006,c2_verify_revise,64000,1,revise,14,2,True,False,False,window_violation
c2_verify_revise__uniform-n6-t100-o80-s10006__cap64000__Qwen-Qwen3-32B-AWQ,uniform-n6-t100-o80-s10006,c2_verify_revise,64000,2,revise,14,3,True,False,False,travel_infeasible;window_violation
c2_verify_revise__uniform-n6-t20-o20-s10005__cap32000__Qwen-Qwen3-32B-AWQ,uniform-n6-t20-o20-s10005,c2_verify_revise,32000,0,react_step,12,6,True,False,False,travel_infeasible
c2_verify_revise__uniform-n6-t20-o20-s10005__cap32000__Qwen-Qwen3-32B-AWQ,uniform-n6-t20-o20-s10005,c2_verify_revise,32000,1,revise,13,5,True,True,True,
c2_verify_revise__uniform-n6-t20-o20-s10005__cap32000__Qwen-Qwen3-32B-AWQ,uniform-n6-t20-o20-s10005,c2_verify_revise,32000,2,revise,13,5,True,True,False,
c2_verify_revise__uniform-n6-t20-o20-s10005__cap64000__Qwen-Qwen3-32B-AWQ,uniform-n6-t20-o20-s10005,c2_verify_revise,64000,0,react_step,12,6,True,False,False,travel_infeasible
c2_verify_revise__uniform-n6-t20-o20-s10005__cap64000__Qwen-Qwen3-32B-AWQ,uniform-n6-t20-o20-s10005,c2_verify_revise,64000,1,revise,13,5,True,True,True,
c2_verify_revise__uniform-n6-t20-o20-s10005__cap64000__Qwen-Qwen3-32B-AWQ,uniform-n6-t20-o20-s10005,c2_verify_revise,64000,2,revise,13,5,True,True,False,
c2_verify_revise__uniform-n6-t20-o80-s10005__cap32000__Qwen-Qwen3-32B-AWQ,uniform-n6-t20-o80-s10005,c2_verify_revise,32000,0,react_step,13,6,True,False,False,travel_infeasible
c2_verify_revise__uniform-n6-t20-o80-s10005__cap32000__Qwen-Qwen3-32B-AWQ,uniform-n6-t20-o80-s10005,c2_verify_revise,32000,1,revise,14,5,True,True,True,
c2_verify_revise__uniform-n6-t20-o80-s10005__cap64000__Qwen-Qwen3-32B-AWQ,uniform-n6-t20-o80-s10005,c2_verify_revise,64000,0,react_step,13,6,True,False,False,travel_infeasible
c2_verify_revise__uniform-n6-t20-o80-s10005__cap64000__Qwen-Qwen3-32B-AWQ,uniform-n6-t20-o80-s10005,c2_verify_revise,64000,1,revise,14,5,True,True,True,
c2_verify_revise__uniform-n6-t20-o80-s10005__cap64000__Qwen-Qwen3-32B-AWQ,uniform-n6-t20-o80-s10005,c2_verify_revise,64000,2,revise,14,5,True,True,False,
c2_verify_revise__uniform-n6-t85-o20-s10005__cap16000__Qwen-Qwen3-32B-AWQ,uniform-n6-t85-o20-s10005,c2_verify_revise,16000,0,react_step,8,6,True,False,False,travel_infeasible
c2_verify_revise__uniform-n6-t85-o20-s10005__cap32000__Qwen-Qwen3-32B-AWQ,uniform-n6-t85-o20-s10005,c2_verify_revise,32000,0,react_step,8,6,True,False,False,travel_infeasible
c2_verify_revise__uniform-n6-t85-o20-s10005__cap64000__Qwen-Qwen3-32B-AWQ,uniform-n6-t85-o20-s10005,c2_verify_revise,64000,0,react_step,8,6,True,False,False,travel_infeasible
c2_verify_revise__uniform-n6-t85-o20-s10005__cap64000__Qwen-Qwen3-32B-AWQ,uniform-n6-t85-o20-s10005,c2_verify_revise,64000,1,react_step,15,4,True,False,False,travel_infeasible
c2_verify_revise__uniform-n6-t85-o20-s10005__cap64000__Qwen-Qwen3-32B-AWQ,uniform-n6-t85-o20-s10005,c2_verify_revise,64000,2,revise,16,4,True,True,True,
c2_verify_revise__uniform-n6-t85-o20-s10005__cap64000__Qwen-Qwen3-32B-AWQ,uniform-n6-t85-o20-s10005,c2_verify_revise,64000,3,revise,16,4,True,True,False,
c2_verify_revise__uniform-n8-t100-o20-s10005__cap64000__Qwen-Qwen3-32B-AWQ,uniform-n8-t100-o20-s10005,c2_verify_revise,64000,0,react_step,11,4,True,False,False,travel_infeasible;window_violation
c2_verify_revise__uniform-n8-t100-o20-s10005__cap64000__Qwen-Qwen3-32B-AWQ,uniform-n8-t100-o20-s10005,c2_verify_revise,64000,1,react_step,13,4,True,False,False,travel_infeasible;window_violation
c2_verify_revise__uniform-n8-t100-o20-s10005__cap64000__Qwen-Qwen3-32B-AWQ,uniform-n8-t100-o20-s10005,c2_verify_revise,64000,2,react_step,14,4,True,False,False,travel_infeasible;window_violation
c2_verify_revise__uniform-n8-t100-o20-s10005__cap64000__Qwen-Qwen3-32B-AWQ,uniform-n8-t100-o20-s10005,c2_verify_revise,64000,3,react_step,15,4,True,False,False,travel_infeasible;window_violation
c2_verify_revise__uniform-n8-t100-o20-s10005__cap64000__Qwen-Qwen3-32B-AWQ,uniform-n8-t100-o20-s10005,c2_verify_revise,64000,4,react_step,16,4,True,False,False,travel_infeasible;window_violation
c2_verify_revise__uniform-n8-t100-o20-s10005__cap64000__Qwen-Qwen3-32B-AWQ,uniform-n8-t100-o20-s10005,c2_verify_revise,64000,5,react_step,17,4,True,False,False,travel_infeasible;window_violation
c2_verify_revise__uniform-n8-t100-o20-s10005__cap64000__Qwen-Qwen3-32B-AWQ,uniform-n8-t100-o20-s10005,c2_verify_revise,64000,6,react_step,18,4,True,False,False,travel_infeasible;window_violation
c2_verify_revise__uniform-n8-t100-o20-s10005__cap64000__Qwen-Qwen3-32B-AWQ,uniform-n8-t100-o20-s10005,c2_verify_revise,64000,7,react_step,19,4,True,False,False,travel_infeasible;window_violation
c2_verify_revise__uniform-n8-t100-o80-s10005__cap32000__Qwen-Qwen3-32B-AWQ,uniform-n8-t100-o80-s10005,c2_verify_revise,32000,0,react_step,13,2,True,False,False,travel_infeasible
c2_verify_revise__uniform-n8-t20-o20-s10005__cap32000__Qwen-Qwen3-32B-AWQ,uniform-n8-t20-o20-s10005,c2_verify_revise,32000,0,react_step,12,4,True,False,False,travel_infeasible
c2_verify_revise__uniform-n8-t20-o20-s10005__cap64000__Qwen-Qwen3-32B-AWQ,uniform-n8-t20-o20-s10005,c2_verify_revise,64000,0,react_step,12,4,True,False,False,travel_infeasible
c2_verify_revise__uniform-n8-t20-o20-s10005__cap64000__Qwen-Qwen3-32B-AWQ,uniform-n8-t20-o20-s10005,c2_verify_revise,64000,1,react_step,21,7,True,False,False,travel_infeasible
c2_verify_revise__uniform-n8-t85-o20-s10005__cap32000__Qwen-Qwen3-32B-AWQ,uniform-n8-t85-o20-s10005,c2_verify_revise,32000,0,react_step,10,6,True,False,False,travel_infeasible;window_violation
c2_verify_revise__uniform-n8-t85-o20-s10005__cap64000__Qwen-Qwen3-32B-AWQ,uniform-n8-t85-o20-s10005,c2_verify_revise,64000,0,react_step,10,6,True,False,False,travel_infeasible;window_violation
c2_verify_revise__uniform-n8-t85-o20-s10005__cap64000__Qwen-Qwen3-32B-AWQ,uniform-n8-t85-o20-s10005,c2_verify_revise,64000,1,react_step,15,7,True,False,False,overlapping_meeting;travel_infeasible
c3_mas__clustered-n4-t100-o20-s10005__cap32000__Qwen-Qwen3-32B-AWQ,clustered-n4-t100-o20-s10005,c3_mas,32000,0,worker_a,6,2,True,True,True,
c3_mas__clustered-n4-t100-o20-s10005__cap32000__Qwen-Qwen3-32B-AWQ,clustered-n4-t100-o20-s10005,c3_mas,32000,1,worker_b,6,2,True,True,True,
c3_mas__clustered-n4-t100-o20-s10005__cap32000__Qwen-Qwen3-32B-AWQ,clustered-n4-t100-o20-s10005,c3_mas,32000,2,critic,0,3,True,True,True,
c3_mas__clustered-n4-t100-o20-s10005__cap64000__Qwen-Qwen3-32B-AWQ,clustered-n4-t100-o20-s10005,c3_mas,64000,0,worker_a,6,2,True,True,True,
c3_mas__clustered-n4-t100-o20-s10005__cap64000__Qwen-Qwen3-32B-AWQ,clustered-n4-t100-o20-s10005,c3_mas,64000,1,worker_b,6,2,True,True,True,
c3_mas__clustered-n4-t100-o20-s10005__cap64000__Qwen-Qwen3-32B-AWQ,clustered-n4-t100-o20-s10005,c3_mas,64000,2,critic,0,3,True,True,True,
c3_mas__clustered-n4-t100-o80-s10005__cap32000__Qwen-Qwen3-32B-AWQ,clustered-n4-t100-o80-s10005,c3_mas,32000,0,worker_a,7,1,True,True,True,
c3_mas__clustered-n4-t100-o80-s10005__cap32000__Qwen-Qwen3-32B-AWQ,clustered-n4-t100-o80-s10005,c3_mas,32000,1,worker_b,6,2,True,True,True,
c3_mas__clustered-n4-t100-o80-s10005__cap32000__Qwen-Qwen3-32B-AWQ,clustered-n4-t100-o80-s10005,c3_mas,32000,2,critic,0,2,True,True,False,
c3_mas__clustered-n4-t100-o80-s10005__cap64000__Qwen-Qwen3-32B-AWQ,clustered-n4-t100-o80-s10005,c3_mas,64000,0,worker_b,6,2,True,True,True,
c3_mas__clustered-n4-t100-o80-s10005__cap64000__Qwen-Qwen3-32B-AWQ,clustered-n4-t100-o80-s10005,c3_mas,64000,1,critic,0,2,True,True,False,
c3_mas__clustered-n4-t20-o20-s10005__cap32000__Qwen-Qwen3-32B-AWQ,clustered-n4-t20-o20-s10005,c3_mas,32000,0,worker_a,7,2,True,True,True,
c3_mas__clustered-n4-t20-o20-s10005__cap32000__Qwen-Qwen3-32B-AWQ,clustered-n4-t20-o20-s10005,c3_mas,32000,1,worker_b,7,2,True,True,True,
c3_mas__clustered-n4-t20-o20-s10005__cap32000__Qwen-Qwen3-32B-AWQ,clustered-n4-t20-o20-s10005,c3_mas,32000,2,critic,0,4,True,True,True,
c3_mas__clustered-n4-t20-o20-s10005__cap64000__Qwen-Qwen3-32B-AWQ,clustered-n4-t20-o20-s10005,c3_mas,64000,0,worker_a,7,2,True,True,True,
c3_mas__clustered-n4-t20-o20-s10005__cap64000__Qwen-Qwen3-32B-AWQ,clustered-n4-t20-o20-s10005,c3_mas,64000,1,worker_b,7,2,True,True,True,
c3_mas__clustered-n4-t20-o20-s10005__cap64000__Qwen-Qwen3-32B-AWQ,clustered-n4-t20-o20-s10005,c3_mas,64000,2,critic,0,4,True,True,True,
c3_mas__clustered-n4-t20-o80-s10005__cap16000__Qwen-Qwen3-32B-AWQ,clustered-n4-t20-o80-s10005,c3_mas,16000,0,worker_b,4,2,True,False,False,travel_infeasible
c3_mas__clustered-n4-t20-o80-s10005__cap32000__Qwen-Qwen3-32B-AWQ,clustered-n4-t20-o80-s10005,c3_mas,32000,0,worker_a,7,2,True,True,True,
c3_mas__clustered-n4-t20-o80-s10005__cap32000__Qwen-Qwen3-32B-AWQ,clustered-n4-t20-o80-s10005,c3_mas,32000,1,worker_b,4,2,True,False,False,travel_infeasible
c3_mas__clustered-n4-t20-o80-s10005__cap32000__Qwen-Qwen3-32B-AWQ,clustered-n4-t20-o80-s10005,c3_mas,32000,2,worker_b,7,2,True,True,True,
c3_mas__clustered-n4-t20-o80-s10005__cap32000__Qwen-Qwen3-32B-AWQ,clustered-n4-t20-o80-s10005,c3_mas,32000,3,critic,0,4,True,False,False,travel_infeasible
c3_mas__clustered-n4-t20-o80-s10005__cap64000__Qwen-Qwen3-32B-AWQ,clustered-n4-t20-o80-s10005,c3_mas,64000,0,worker_a,5,2,True,False,False,travel_infeasible
c3_mas__clustered-n4-t20-o80-s10005__cap64000__Qwen-Qwen3-32B-AWQ,clustered-n4-t20-o80-s10005,c3_mas,64000,1,worker_b,4,2,True,False,False,travel_infeasible
c3_mas__clustered-n4-t20-o80-s10005__cap64000__Qwen-Qwen3-32B-AWQ,clustered-n4-t20-o80-s10005,c3_mas,64000,2,worker_b,7,2,True,True,True,
c3_mas__clustered-n4-t20-o80-s10005__cap64000__Qwen-Qwen3-32B-AWQ,clustered-n4-t20-o80-s10005,c3_mas,64000,3,critic,0,2,True,True,False,
c3_mas__clustered-n6-t100-o20-s10005__cap64000__Qwen-Qwen3-32B-AWQ,clustered-n6-t100-o20-s10005,c3_mas,64000,0,worker_a,7,3,True,False,False,window_violation
c3_mas__clustered-n6-t100-o20-s10005__cap64000__Qwen-Qwen3-32B-AWQ,clustered-n6-t100-o20-s10005,c3_mas,64000,1,worker_b,7,2,True,True,True,
c3_mas__clustered-n6-t100-o20-s10005__cap64000__Qwen-Qwen3-32B-AWQ,clustered-n6-t100-o20-s10005,c3_mas,64000,2,critic,0,2,True,True,False,
c3_mas__clustered-n6-t100-o20-s10007__cap32000__Qwen-Qwen3-32B-AWQ,clustered-n6-t100-o20-s10007,c3_mas,32000,0,worker_a,5,3,True,False,False,window_violation
c3_mas__clustered-n6-t100-o20-s10007__cap64000__Qwen-Qwen3-32B-AWQ,clustered-n6-t100-o20-s10007,c3_mas,64000,0,worker_a,9,3,True,True,True,
c3_mas__clustered-n6-t100-o20-s10007__cap64000__Qwen-Qwen3-32B-AWQ,clustered-n6-t100-o20-s10007,c3_mas,64000,1,critic,0,3,True,True,False,
c3_mas__clustered-n6-t100-o80-s10005__cap32000__Qwen-Qwen3-32B-AWQ,clustered-n6-t100-o80-s10005,c3_mas,32000,0,worker_a,6,1,True,True,True,
c3_mas__clustered-n6-t100-o80-s10005__cap32000__Qwen-Qwen3-32B-AWQ,clustered-n6-t100-o80-s10005,c3_mas,32000,1,critic,0,1,True,True,False,
c3_mas__clustered-n6-t100-o80-s10005__cap64000__Qwen-Qwen3-32B-AWQ,clustered-n6-t100-o80-s10005,c3_mas,64000,0,worker_a,9,1,True,True,True,
c3_mas__clustered-n6-t100-o80-s10005__cap64000__Qwen-Qwen3-32B-AWQ,clustered-n6-t100-o80-s10005,c3_mas,64000,1,worker_b,5,2,True,True,True,
c3_mas__clustered-n6-t100-o80-s10005__cap64000__Qwen-Qwen3-32B-AWQ,clustered-n6-t100-o80-s10005,c3_mas,64000,2,critic,0,2,True,True,False,
c3_mas__clustered-n6-t100-o80-s10006__cap64000__Qwen-Qwen3-32B-AWQ,clustered-n6-t100-o80-s10006,c3_mas,64000,0,worker_b,8,2,True,True,True,
c3_mas__clustered-n6-t100-o80-s10006__cap64000__Qwen-Qwen3-32B-AWQ,clustered-n6-t100-o80-s10006,c3_mas,64000,1,critic,0,2,True,True,False,
c3_mas__clustered-n6-t20-o20-s10005__cap32000__Qwen-Qwen3-32B-AWQ,clustered-n6-t20-o20-s10005,c3_mas,32000,0,worker_a,8,3,True,True,True,
c3_mas__clustered-n6-t20-o20-s10005__cap32000__Qwen-Qwen3-32B-AWQ,clustered-n6-t20-o20-s10005,c3_mas,32000,1,worker_b,7,3,True,False,False,travel_infeasible
c3_mas__clustered-n6-t20-o20-s10005__cap32000__Qwen-Qwen3-32B-AWQ,clustered-n6-t20-o20-s10005,c3_mas,32000,2,critic,0,3,True,True,False,
c3_mas__clustered-n6-t20-o20-s10005__cap64000__Qwen-Qwen3-32B-AWQ,clustered-n6-t20-o20-s10005,c3_mas,64000,0,worker_a,11,3,True,True,True,
c3_mas__clustered-n6-t20-o20-s10005__cap64000__Qwen-Qwen3-32B-AWQ,clustered-n6-t20-o20-s10005,c3_mas,64000,1,worker_b,6,3,True,False,False,travel_infeasible
c3_mas__clustered-n6-t20-o20-s10005__cap64000__Qwen-Qwen3-32B-AWQ,clustered-n6-t20-o20-s10005,c3_mas,64000,2,worker_b,9,3,True,True,True,
c3_mas__clustered-n6-t20-o20-s10005__cap64000__Qwen-Qwen3-32B-AWQ,clustered-n6-t20-o20-s10005,c3_mas,64000,3,critic,0,6,True,True,True,
c3_mas__clustered-n6-t20-o80-s10005__cap32000__Qwen-Qwen3-32B-AWQ,clustered-n6-t20-o80-s10005,c3_mas,32000,0,worker_a,8,3,True,True,True,
c3_mas__clustered-n6-t20-o80-s10005__cap32000__Qwen-Qwen3-32B-AWQ,clustered-n6-t20-o80-s10005,c3_mas,32000,1,critic,0,3,True,True,False,
c3_mas__clustered-n6-t20-o80-s10005__cap64000__Qwen-Qwen3-32B-AWQ,clustered-n6-t20-o80-s10005,c3_mas,64000,0,worker_a,8,3,True,True,True,
c3_mas__clustered-n6-t20-o80-s10005__cap64000__Qwen-Qwen3-32B-AWQ,clustered-n6-t20-o80-s10005,c3_mas,64000,1,worker_b,11,3,True,True,True,
c3_mas__clustered-n6-t20-o80-s10005__cap64000__Qwen-Qwen3-32B-AWQ,clustered-n6-t20-o80-s10005,c3_mas,64000,2,critic,0,6,True,True,True,
c3_mas__clustered-n6-t85-o20-s10005__cap32000__Qwen-Qwen3-32B-AWQ,clustered-n6-t85-o20-s10005,c3_mas,32000,0,worker_a,8,3,True,True,True,
c3_mas__clustered-n6-t85-o20-s10005__cap32000__Qwen-Qwen3-32B-AWQ,clustered-n6-t85-o20-s10005,c3_mas,32000,1,worker_b,8,3,True,True,True,
c3_mas__clustered-n6-t85-o20-s10005__cap32000__Qwen-Qwen3-32B-AWQ,clustered-n6-t85-o20-s10005,c3_mas,32000,2,critic,0,5,True,True,True,
c3_mas__clustered-n6-t85-o20-s10005__cap64000__Qwen-Qwen3-32B-AWQ,clustered-n6-t85-o20-s10005,c3_mas,64000,0,worker_a,8,3,True,True,True,
c3_mas__clustered-n6-t85-o20-s10005__cap64000__Qwen-Qwen3-32B-AWQ,clustered-n6-t85-o20-s10005,c3_mas,64000,1,worker_b,7,3,True,False,False,travel_infeasible
c3_mas__clustered-n6-t85-o20-s10005__cap64000__Qwen-Qwen3-32B-AWQ,clustered-n6-t85-o20-s10005,c3_mas,64000,2,critic,0,3,True,True,False,
c3_mas__clustered-n8-t100-o20-s10005__cap64000__Qwen-Qwen3-32B-AWQ,clustered-n8-t100-o20-s10005,c3_mas,64000,0,worker_a,10,3,True,True,True,
c3_mas__clustered-n8-t100-o20-s10005__cap64000__Qwen-Qwen3-32B-AWQ,clustered-n8-t100-o20-s10005,c3_mas,64000,1,worker_b,10,3,True,True,True,
c3_mas__clustered-n8-t100-o20-s10005__cap64000__Qwen-Qwen3-32B-AWQ,clustered-n8-t100-o20-s10005,c3_mas,64000,2,critic,0,4,True,True,True,
c3_mas__clustered-n8-t100-o80-s10005__cap64000__Qwen-Qwen3-32B-AWQ,clustered-n8-t100-o80-s10005,c3_mas,64000,0,worker_b,6,2,True,True,True,
c3_mas__clustered-n8-t100-o80-s10005__cap64000__Qwen-Qwen3-32B-AWQ,clustered-n8-t100-o80-s10005,c3_mas,64000,1,critic,0,2,True,True,False,
c3_mas__clustered-n8-t20-o20-s10005__cap32000__Qwen-Qwen3-32B-AWQ,clustered-n8-t20-o20-s10005,c3_mas,32000,0,worker_b,7,4,True,True,True,
c3_mas__clustered-n8-t20-o20-s10005__cap32000__Qwen-Qwen3-32B-AWQ,clustered-n8-t20-o20-s10005,c3_mas,32000,1,critic,0,4,True,True,False,
c3_mas__clustered-n8-t20-o20-s10005__cap64000__Qwen-Qwen3-32B-AWQ,clustered-n8-t20-o20-s10005,c3_mas,64000,0,worker_b,10,4,True,True,True,
c3_mas__clustered-n8-t20-o20-s10005__cap64000__Qwen-Qwen3-32B-AWQ,clustered-n8-t20-o20-s10005,c3_mas,64000,1,critic,0,4,True,True,False,
c3_mas__clustered-n8-t85-o20-s10005__cap64000__Qwen-Qwen3-32B-AWQ,clustered-n8-t85-o20-s10005,c3_mas,64000,0,worker_a,11,4,True,True,True,
c3_mas__clustered-n8-t85-o20-s10005__cap64000__Qwen-Qwen3-32B-AWQ,clustered-n8-t85-o20-s10005,c3_mas,64000,1,worker_b,9,4,True,False,False,travel_infeasible
c3_mas__clustered-n8-t85-o20-s10005__cap64000__Qwen-Qwen3-32B-AWQ,clustered-n8-t85-o20-s10005,c3_mas,64000,2,critic,0,4,True,True,False,
c3_mas__uniform-n4-t100-o20-s10005__cap32000__Qwen-Qwen3-32B-AWQ,uniform-n4-t100-o20-s10005,c3_mas,32000,0,worker_a,7,2,True,True,True,
c3_mas__uniform-n4-t100-o20-s10005__cap32000__Qwen-Qwen3-32B-AWQ,uniform-n4-t100-o20-s10005,c3_mas,32000,1,worker_b,7,2,True,True,True,
c3_mas__uniform-n4-t100-o20-s10005__cap32000__Qwen-Qwen3-32B-AWQ,uniform-n4-t100-o20-s10005,c3_mas,32000,2,critic,0,3,True,True,True,
c3_mas__uniform-n4-t100-o20-s10005__cap64000__Qwen-Qwen3-32B-AWQ,uniform-n4-t100-o20-s10005,c3_mas,64000,0,worker_a,7,2,True,True,True,
c3_mas__uniform-n4-t100-o20-s10005__cap64000__Qwen-Qwen3-32B-AWQ,uniform-n4-t100-o20-s10005,c3_mas,64000,1,worker_b,6,2,True,True,True,
c3_mas__uniform-n4-t100-o20-s10005__cap64000__Qwen-Qwen3-32B-AWQ,uniform-n4-t100-o20-s10005,c3_mas,64000,2,critic,0,3,True,True,True,
c3_mas__uniform-n4-t100-o80-s10005__cap32000__Qwen-Qwen3-32B-AWQ,uniform-n4-t100-o80-s10005,c3_mas,32000,0,worker_a,6,1,True,True,True,
c3_mas__uniform-n4-t100-o80-s10005__cap32000__Qwen-Qwen3-32B-AWQ,uniform-n4-t100-o80-s10005,c3_mas,32000,1,critic,0,1,True,True,False,
c3_mas__uniform-n4-t100-o80-s10005__cap64000__Qwen-Qwen3-32B-AWQ,uniform-n4-t100-o80-s10005,c3_mas,64000,0,worker_a,6,1,True,True,True,
c3_mas__uniform-n4-t100-o80-s10005__cap64000__Qwen-Qwen3-32B-AWQ,uniform-n4-t100-o80-s10005,c3_mas,64000,1,worker_b,6,1,True,True,True,
c3_mas__uniform-n4-t100-o80-s10005__cap64000__Qwen-Qwen3-32B-AWQ,uniform-n4-t100-o80-s10005,c3_mas,64000,2,critic,0,1,True,True,False,
c3_mas__uniform-n4-t20-o20-s10005__cap32000__Qwen-Qwen3-32B-AWQ,uniform-n4-t20-o20-s10005,c3_mas,32000,0,worker_a,6,2,True,True,True,
c3_mas__uniform-n4-t20-o20-s10005__cap32000__Qwen-Qwen3-32B-AWQ,uniform-n4-t20-o20-s10005,c3_mas,32000,1,worker_b,6,2,True,True,True,
c3_mas__uniform-n4-t20-o20-s10005__cap32000__Qwen-Qwen3-32B-AWQ,uniform-n4-t20-o20-s10005,c3_mas,32000,2,critic,0,4,True,True,True,
c3_mas__uniform-n4-t20-o20-s10005__cap64000__Qwen-Qwen3-32B-AWQ,uniform-n4-t20-o20-s10005,c3_mas,64000,0,worker_a,5,2,True,False,False,travel_infeasible
c3_mas__uniform-n4-t20-o20-s10005__cap64000__Qwen-Qwen3-32B-AWQ,uniform-n4-t20-o20-s10005,c3_mas,64000,1,worker_b,6,2,True,True,True,
c3_mas__uniform-n4-t20-o20-s10005__cap64000__Qwen-Qwen3-32B-AWQ,uniform-n4-t20-o20-s10005,c3_mas,64000,2,critic,0,2,True,True,False,
c3_mas__uniform-n4-t20-o80-s10005__cap32000__Qwen-Qwen3-32B-AWQ,uniform-n4-t20-o80-s10005,c3_mas,32000,0,worker_a,7,2,True,True,True,
c3_mas__uniform-n4-t20-o80-s10005__cap32000__Qwen-Qwen3-32B-AWQ,uniform-n4-t20-o80-s10005,c3_mas,32000,1,worker_b,7,2,True,True,True,
c3_mas__uniform-n4-t20-o80-s10005__cap32000__Qwen-Qwen3-32B-AWQ,uniform-n4-t20-o80-s10005,c3_mas,32000,2,critic,0,4,True,True,True,
c3_mas__uniform-n4-t20-o80-s10005__cap64000__Qwen-Qwen3-32B-AWQ,uniform-n4-t20-o80-s10005,c3_mas,64000,0,worker_a,7,2,True,True,True,
c3_mas__uniform-n4-t20-o80-s10005__cap64000__Qwen-Qwen3-32B-AWQ,uniform-n4-t20-o80-s10005,c3_mas,64000,1,worker_b,7,2,True,True,True,
c3_mas__uniform-n4-t20-o80-s10005__cap64000__Qwen-Qwen3-32B-AWQ,uniform-n4-t20-o80-s10005,c3_mas,64000,2,critic,0,4,True,True,True,
c3_mas__uniform-n6-t100-o20-s10005__cap32000__Qwen-Qwen3-32B-AWQ,uniform-n6-t100-o20-s10005,c3_mas,32000,0,worker_b,8,3,True,True,True,
c3_mas__uniform-n6-t100-o20-s10005__cap32000__Qwen-Qwen3-32B-AWQ,uniform-n6-t100-o20-s10005,c3_mas,32000,1,critic,0,3,True,True,False,
c3_mas__uniform-n6-t100-o20-s10005__cap64000__Qwen-Qwen3-32B-AWQ,uniform-n6-t100-o20-s10005,c3_mas,64000,0,worker_a,8,2,True,True,True,
c3_mas__uniform-n6-t100-o20-s10005__cap64000__Qwen-Qwen3-32B-AWQ,uniform-n6-t100-o20-s10005,c3_mas,64000,1,worker_b,7,3,True,True,True,
c3_mas__uniform-n6-t100-o20-s10005__cap64000__Qwen-Qwen3-32B-AWQ,uniform-n6-t100-o20-s10005,c3_mas,64000,2,critic,0,3,True,True,False,
c3_mas__uniform-n6-t100-o20-s10006__cap32000__Qwen-Qwen3-32B-AWQ,uniform-n6-t100-o20-s10006,c3_mas,32000,0,worker_a,5,2,True,True,True,
c3_mas__uniform-n6-t100-o20-s10006__cap32000__Qwen-Qwen3-32B-AWQ,uniform-n6-t100-o20-s10006,c3_mas,32000,1,critic,0,2,True,True,False,
c3_mas__uniform-n6-t100-o20-s10006__cap64000__Qwen-Qwen3-32B-AWQ,uniform-n6-t100-o20-s10006,c3_mas,64000,0,worker_a,5,2,True,True,True,
c3_mas__uniform-n6-t100-o20-s10006__cap64000__Qwen-Qwen3-32B-AWQ,uniform-n6-t100-o20-s10006,c3_mas,64000,1,worker_b,8,3,True,False,False,travel_infeasible;window_violation
c3_mas__uniform-n6-t100-o20-s10006__cap64000__Qwen-Qwen3-32B-AWQ,uniform-n6-t100-o20-s10006,c3_mas,64000,2,critic,0,2,True,True,False,
c3_mas__uniform-n6-t100-o80-s10006__cap32000__Qwen-Qwen3-32B-AWQ,uniform-n6-t100-o80-s10006,c3_mas,32000,0,worker_a,6,1,True,True,True,
c3_mas__uniform-n6-t100-o80-s10006__cap32000__Qwen-Qwen3-32B-AWQ,uniform-n6-t100-o80-s10006,c3_mas,32000,1,critic,0,1,True,True,False,
c3_mas__uniform-n6-t100-o80-s10006__cap64000__Qwen-Qwen3-32B-AWQ,uniform-n6-t100-o80-s10006,c3_mas,64000,0,worker_a,7,2,True,False,False,window_violation
c3_mas__uniform-n6-t100-o80-s10006__cap64000__Qwen-Qwen3-32B-AWQ,uniform-n6-t100-o80-s10006,c3_mas,64000,1,worker_a,8,1,True,True,True,
c3_mas__uniform-n6-t100-o80-s10006__cap64000__Qwen-Qwen3-32B-AWQ,uniform-n6-t100-o80-s10006,c3_mas,64000,2,worker_b,9,2,True,False,False,travel_infeasible
c3_mas__uniform-n6-t100-o80-s10006__cap64000__Qwen-Qwen3-32B-AWQ,uniform-n6-t100-o80-s10006,c3_mas,64000,3,critic,0,1,True,True,False,
c3_mas__uniform-n6-t20-o20-s10005__cap32000__Qwen-Qwen3-32B-AWQ,uniform-n6-t20-o20-s10005,c3_mas,32000,0,worker_a,8,3,True,True,True,
c3_mas__uniform-n6-t20-o20-s10005__cap32000__Qwen-Qwen3-32B-AWQ,uniform-n6-t20-o20-s10005,c3_mas,32000,1,worker_b,5,3,True,False,False,travel_infeasible
c3_mas__uniform-n6-t20-o20-s10005__cap32000__Qwen-Qwen3-32B-AWQ,uniform-n6-t20-o20-s10005,c3_mas,32000,2,critic,0,3,True,True,False,
c3_mas__uniform-n6-t20-o20-s10005__cap64000__Qwen-Qwen3-32B-AWQ,uniform-n6-t20-o20-s10005,c3_mas,64000,0,worker_a,8,3,True,True,True,
c3_mas__uniform-n6-t20-o20-s10005__cap64000__Qwen-Qwen3-32B-AWQ,uniform-n6-t20-o20-s10005,c3_mas,64000,1,worker_b,11,3,True,True,True,
c3_mas__uniform-n6-t20-o20-s10005__cap64000__Qwen-Qwen3-32B-AWQ,uniform-n6-t20-o20-s10005,c3_mas,64000,2,critic,0,6,True,True,True,
c3_mas__uniform-n6-t20-o80-s10005__cap64000__Qwen-Qwen3-32B-AWQ,uniform-n6-t20-o80-s10005,c3_mas,64000,0,worker_a,8,3,True,True,True,
c3_mas__uniform-n6-t20-o80-s10005__cap64000__Qwen-Qwen3-32B-AWQ,uniform-n6-t20-o80-s10005,c3_mas,64000,1,worker_b,11,3,True,True,True,
c3_mas__uniform-n6-t20-o80-s10005__cap64000__Qwen-Qwen3-32B-AWQ,uniform-n6-t20-o80-s10005,c3_mas,64000,2,critic,0,6,True,True,True,
c3_mas__uniform-n6-t85-o20-s10005__cap32000__Qwen-Qwen3-32B-AWQ,uniform-n6-t85-o20-s10005,c3_mas,32000,0,worker_a,8,3,True,True,True,
c3_mas__uniform-n6-t85-o20-s10005__cap32000__Qwen-Qwen3-32B-AWQ,uniform-n6-t85-o20-s10005,c3_mas,32000,1,critic,0,3,True,True,False,
c3_mas__uniform-n6-t85-o20-s10005__cap64000__Qwen-Qwen3-32B-AWQ,uniform-n6-t85-o20-s10005,c3_mas,64000,0,worker_a,6,3,True,False,False,travel_infeasible
c3_mas__uniform-n6-t85-o20-s10005__cap64000__Qwen-Qwen3-32B-AWQ,uniform-n6-t85-o20-s10005,c3_mas,64000,1,worker_a,9,3,True,True,True,
c3_mas__uniform-n6-t85-o20-s10005__cap64000__Qwen-Qwen3-32B-AWQ,uniform-n6-t85-o20-s10005,c3_mas,64000,2,critic,0,3,True,True,False,
c3_mas__uniform-n8-t100-o20-s10005__cap64000__Qwen-Qwen3-32B-AWQ,uniform-n8-t100-o20-s10005,c3_mas,64000,0,worker_a,9,2,True,True,True,
c3_mas__uniform-n8-t100-o20-s10005__cap64000__Qwen-Qwen3-32B-AWQ,uniform-n8-t100-o20-s10005,c3_mas,64000,1,critic,0,2,True,True,False,
c3_mas__uniform-n8-t100-o80-s10005__cap64000__Qwen-Qwen3-32B-AWQ,uniform-n8-t100-o80-s10005,c3_mas,64000,0,worker_a,8,1,True,True,True,
c3_mas__uniform-n8-t100-o80-s10005__cap64000__Qwen-Qwen3-32B-AWQ,uniform-n8-t100-o80-s10005,c3_mas,64000,1,critic,0,1,True,True,False,
c3_mas__uniform-n8-t20-o20-s10005__cap64000__Qwen-Qwen3-32B-AWQ,uniform-n8-t20-o20-s10005,c3_mas,64000,0,worker_a,9,3,True,True,True,
c3_mas__uniform-n8-t20-o20-s10005__cap64000__Qwen-Qwen3-32B-AWQ,uniform-n8-t20-o20-s10005,c3_mas,64000,1,worker_b,8,5,True,False,False,travel_infeasible
c3_mas__uniform-n8-t20-o20-s10005__cap64000__Qwen-Qwen3-32B-AWQ,uniform-n8-t20-o20-s10005,c3_mas,64000,2,critic,0,3,True,True,False,
c3_mas__uniform-n8-t85-o20-s10005__cap32000__Qwen-Qwen3-32B-AWQ,uniform-n8-t85-o20-s10005,c3_mas,32000,0,worker_a,8,3,True,True,True,
c3_mas__uniform-n8-t85-o20-s10005__cap32000__Qwen-Qwen3-32B-AWQ,uniform-n8-t85-o20-s10005,c3_mas,32000,1,critic,0,3,True,True,False,
c3_mas__uniform-n8-t85-o20-s10005__cap64000__Qwen-Qwen3-32B-AWQ,uniform-n8-t85-o20-s10005,c3_mas,64000,0,worker_a,8,3,True,True,True,
c3_mas__uniform-n8-t85-o20-s10005__cap64000__Qwen-Qwen3-32B-AWQ,uniform-n8-t85-o20-s10005,c3_mas,64000,1,worker_b,8,5,True,False,False,travel_infeasible;window_violation
c3_mas__uniform-n8-t85-o20-s10005__cap64000__Qwen-Qwen3-32B-AWQ,uniform-n8-t85-o20-s10005,c3_mas,64000,2,critic,0,3,True,True,False,
