instance_id,seed,n_people,tightness,overlap,travel_structure,conflicting_pairs,D_retrospective,solver_optimum,level_old_binning
clustered-n4-t100-o20-s10005,10005,4,1.0,0.2,clustered,1,0.166667,3,medium
clustered-n4-t100-o80-s10005,10005,4,1.0,0.8,clustered,5,0.833333,2,medium
clustered-n4-t20-o20-s10005,10005,4,0.2,0.2,clustered,0,0.0,4,easy
clustered-n4-t20-o80-s10005,10005,4,0.2,0.8,clustered,0,0.0,4,easy
clustered-n6-t100-o20-s10005,10005,6,1.0,0.2,clustered,6,0.4,3,medium
clustered-n6-t100-o20-s10007,10007,6,1.0,0.2,clustered,8,0.533333,3,hard
clustered-n6-t100-o80-s10005,10005,6,1.0,0.8,clustered,13,0.866667,2,hard
clustered-n6-t100-o80-s10006,10006,6,1.0,0.8,clustered,12,0.8,2,hard
clustered-n6-t20-o20-s10005,10005,6,0.2,0.2,clustered,0,0.0,6,easy
clustered-n6-t20-o80-s10005,10005,6,0.2,0.8,clustered,0,0.0,6,easy
clustered-n6-t85-o20-s10005,10005,6,0.85,0.2,clustered,1,0.066667,5,medium
clustered-n8-t100-o20-s10005,10005,8,1.0,0.2,clustered,9,0.321429,4,hard
clustered-n8-t100-o80-s10005,10005,8,1.0,0.8,clustered,23,0.821429,2,hard
clustered-n8-t20-o20-s10005,10005,8,0.2,0.2,clustered,0,0.0,8,easy
clustered-n8-t85-o20-s10005,10005,8,0.85,0.2,clustered,5,0.178571,5,medium
uniform-n4-t100-o20-s10005,10005,4,1.0,0.2,uniform,2,0.333333,3,medium
uniform-n4-t100-o80-s10005,10005,4,1.0,0.8,uniform,6,1.0,1,medium
uniform-n4-t20-o20-s10005,10005,4,0.2,0.2,uniform,0,0.0,4,easy
uniform-n4-t20-o80-s10005,10005,4,0.2,0.8,uniform,0,0.0,4,easy
uniform-n6-t100-o20-s10005,10005,6,1.0,0.2,uniform,5,0.333333,3,medium
uniform-n6-t100-o20-s10006,10006,6,1.0,0.2,uniform,7,0.466667,3,hard
uniform-n6-t100-o80-s10005,10005,6,1.0,0.8,uniform,15,1.0,1,hard
uniform-n6-t100-o80-s10006,10006,6,1.0,0.8,uniform,14,0.933333,2,hard
uniform-n6-t20-o20-s10005,10005,6,0.2,0.2,uniform,0,0.0,6,easy
uniform-n6-t20-o80-s10005,10005,6,0.2,0.8,uniform,0,0.0,6,easy
uniform-n6-t85-o20-s10005,10005,6,0.85,0.2,uniform,2,0.133333,4,medium
uniform-n8-t100-o20-s10005,10005,8,1.0,0.2,uniform,10,0.357143,4,hard
uniform-n8-t100-o80-s10005,10005,8,1.0,0.8,uniform,26,0.928571,2,hard
uniform-n8-t20-o20-s10005,10005,8,0.2,0.2,uniform,0,0.0,7,easy
uniform-n8-t85-o20-s10005,10005,8,0.85,0.2,uniform,5,0.178571,4,medium
